name,gender,age,plot,actors,theme,rating,music,trailer,language,popularity,awards,action,romance,comedy,thriller,drama
Harvey Glover,Male,28,5.0,4.7,5.7,8.8,7.7,5.3,8.4,4.5,9.5,2.8,5.4,9.2,1.6,7.7
Sean Dean,Female,29,1.3,2.9,1.4,9.2,5.4,4.4,9.1,6.1,1.8,6.5,8.8,1.8,3.4,8.1
Claudia Steele,Female,16,2.1,7.3,6.4,9.6,1.5,8.2,7.4,6.1,3.4,7.3,6.5,5.0,9.5,1.7
Isaac Tate,Female,36,7.2,6.9,9.3,10.0,2.7,4.9,1.7,1.7,9.5,9.3,9.9,7.6,7.6,3.2
Lola Brock,Female,29,9.1,6.0,6.4,3.5,2.9,1.1,8.7,3.7,1.0,2.8,9.1,5.1,9.0,4.6
Jeremy Bates,Male,34,3.6,9.0,5.3,9.6,8.0,3.8,6.4,7.0,3.5,9.8,2.5,3.7,4.1,5.6
Sadie Malone,Male,24,4.7,6.9,4.4,1.7,9.6,9.7,8.5,9.3,7.7,1.8,1.2,4.2,3.9,10.0
Ann Ellis,Male,31,9.7,2.7,1.4,6.7,2.8,9.4,7.5,3.0,3.9,1.0,8.6,9.8,7.3,6.7
Clifford Lynch,Female,46,2.1,1.8,9.9,8.2,2.2,4.8,2.3,5.8,9.5,6.4,7.7,2.4,5.4,5.7
Rodney Patterson,Female,59,3.5,6.5,8.1,6.5,4.2,6.3,6.0,2.4,8.4,3.9,4.3,2.7,7.9,2.9
Henry Thompson,Male,34,2.7,6.1,4.6,5.0,3.3,4.9,4.8,2.8,8.9,7.5,3.1,8.6,3.8,2.0
Helen Romero,Female,19,1.5,7.4,4.8,2.6,5.3,5.6,9.4,6.1,1.7,9.4,6.0,1.0,8.5,2.2
George Cooper,Male,40,4.9,9.8,7.2,8.7,2.2,5.1,8.4,1.4,2.1,2.8,2.0,1.3,3.5,1.6
Jack Dixon,Female,29,1.9,4.8,2.5,6.0,6.7,1.1,4.9,5.5,5.4,2.9,2.0,7.9,5.5,6.1
Seth Bowen,Male,24,3.7,9.9,3.3,1.7,7.4,7.9,3.6,5.3,7.7,7.1,6.9,5.7,7.0,6.5
Hilda Salazar,Female,25,9.9,4.6,5.3,7.5,3.1,8.1,2.5,2.7,6.4,9.2,3.6,6.4,7.6,8.2
Roger Brooks,Male,23,1.7,7.9,6.2,8.3,1.8,3.6,6.1,2.2,1.6,7.6,7.1,9.3,3.2,7.6
Helena Harmon,Female,63,6.1,6.3,8.0,9.0,8.9,2.0,4.6,5.9,8.6,4.4,3.4,4.5,2.7,8.6
Myrtie Bridges,Male,36,7.8,4.8,8.9,7.6,3.2,1.9,2.0,4.2,8.9,4.9,2.7,4.3,1.9,1.5
Ora Perry,Female,63,3.0,3.3,7.5,6.0,2.9,8.2,5.6,5.3,8.6,3.9,6.9,1.9,6.3,7.2
Patrick Willis,Male,41,1.5,1.5,5.3,9.1,8.1,1.1,6.0,2.7,1.8,7.9,9.5,9.6,3.5,2.0
Irene Keller,Male,22,3.3,9.6,4.9,1.4,8.4,2.9,3.5,4.5,5.2,5.5,5.0,5.5,4.4,2.0
Isaac Ortiz,Female,45,9.6,3.3,9.6,5.7,5.5,3.4,2.5,5.5,5.3,6.5,2.0,7.3,4.6,2.7
Cameron Moore,Male,61,7.8,9.8,8.6,5.2,2.4,5.1,8.1,1.0,8.4,2.3,8.7,5.9,5.3,2.7
Harvey McCarthy,Male,27,8.7,4.7,7.6,4.1,9.5,4.8,2.6,8.7,9.7,6.3,6.7,3.4,1.2,7.1
Luella Bates,Female,26,4.8,4.0,2.8,4.3,7.3,8.4,2.9,7.8,1.0,6.3,7.0,9.9,6.9,1.5
Christopher Hansen,Male,18,2.5,6.5,1.7,3.6,6.9,9.9,1.9,3.8,3.6,8.0,3.5,5.8,9.5,5.9
Callie Andrews,Female,34,3.0,1.0,2.3,1.3,3.5,1.4,5.0,5.0,3.5,6.2,8.7,4.9,2.9,7.4
Lora Boyd,Male,22,6.5,7.7,5.5,9.1,3.2,6.1,5.8,5.6,3.3,2.2,9.7,6.2,7.7,2.1
Jared Flowers,Female,18,6.2,2.5,5.7,1.3,7.0,7.1,1.9,8.8,2.2,5.6,2.2,7.9,6.7,8.0
Mattie Mendoza,Male,18,9.0,3.4,7.8,4.4,2.8,9.1,9.5,8.8,7.8,1.2,3.5,6.0,4.3,4.7
Eula Quinn,Female,35,5.7,2.1,7.7,3.7,4.1,1.1,7.6,7.6,4.3,7.4,5.1,2.6,3.4,9.0
Mike Cannon,Female,47,5.5,6.4,8.8,6.7,6.5,6.1,7.1,5.8,8.5,1.6,5.3,7.7,4.4,4.1
Nannie Bradley,Male,28,1.8,8.9,5.1,4.1,6.2,7.6,8.0,4.7,4.3,7.5,2.6,1.5,9.4,2.0
Matilda Patton,Male,40,5.2,3.0,3.7,9.2,2.4,6.0,7.3,6.2,7.2,9.2,6.2,9.8,9.5,1.8
Alma Casey,Male,36,8.6,4.0,2.6,1.7,3.0,7.2,5.9,5.9,8.1,3.4,4.7,9.0,6.3,7.4
Della Ellis,Female,34,5.3,5.0,6.1,3.5,1.4,3.4,7.4,5.5,1.2,6.9,5.7,8.3,9.8,6.1
Virginia Wells,Female,30,2.2,5.5,8.2,3.0,3.2,9.7,4.4,1.1,6.7,6.8,2.4,1.5,7.3,6.4
Aiden Jacobs,Male,20,5.6,4.7,2.6,3.2,7.5,4.4,3.1,9.1,9.8,4.8,9.8,8.0,4.8,9.4
Benjamin Mason,Male,24,6.0,5.5,4.0,5.8,9.3,6.6,1.9,2.0,6.2,2.0,7.3,7.7,7.8,2.8
Della Dixon,Male,50,8.6,2.3,8.1,1.9,1.4,9.3,6.5,5.3,9.3,2.7,2.1,9.9,1.8,8.0
Landon Fletcher,Female,56,3.2,9.4,4.2,6.7,1.8,6.4,4.0,8.2,2.4,7.8,3.4,1.7,1.9,7.3
Tony West,Male,23,4.5,4.8,2.9,4.4,10.0,8.4,10.0,3.6,5.0,2.2,2.0,6.7,8.1,9.6
Devin Murphy,Female,38,9.3,7.4,3.7,4.5,6.8,3.4,7.3,1.0,4.5,8.6,7.7,5.3,3.7,1.6
Mina Joseph,Male,65,1.1,2.1,5.3,4.4,3.4,7.6,2.7,1.4,7.7,1.2,6.9,5.8,5.0,6.1
Ralph Holland,Female,24,1.4,6.8,5.1,4.2,4.0,4.6,6.2,9.1,4.8,7.0,7.7,6.9,2.0,9.9
Harvey Herrera,Male,29,6.0,4.1,3.7,5.3,2.5,4.0,8.9,7.0,2.9,1.6,5.9,6.1,5.8,1.7
Dustin Underwood,Male,37,9.8,1.9,4.6,3.0,1.8,6.0,6.5,3.4,6.6,5.6,3.6,2.1,8.7,3.3
Maude Brooks,Male,49,9.5,8.1,9.7,2.8,7.7,5.3,2.0,8.0,6.6,8.1,9.0,7.4,8.8,7.9
Tom McLaughlin,Male,59,5.0,2.9,9.5,8.7,5.3,9.2,9.0,1.4,7.1,7.0,2.6,3.0,1.1,4.3
Nelle Poole,Female,41,5.7,6.0,9.3,9.7,4.5,7.5,6.1,9.3,3.9,3.6,6.3,7.2,3.9,5.3
Mitchell Cortez,Female,26,9.9,3.9,2.9,8.1,4.3,4.6,5.5,9.6,4.9,8.4,7.7,6.3,8.1,7.8
Tillie Stone,Female,43,6.6,3.5,4.6,7.6,3.5,4.6,7.1,9.1,1.8,5.3,9.4,3.5,1.9,8.2
Eunice Hampton,Female,25,5.7,1.2,6.8,5.9,4.7,5.8,2.1,5.5,7.5,3.1,3.3,9.1,4.0,3.0
Virgie Glover,Female,46,6.8,6.2,2.7,3.9,4.4,8.7,4.3,8.8,5.2,1.1,1.7,7.2,6.7,5.2
Max Francis,Male,38,8.7,2.4,8.2,1.5,8.2,3.5,2.5,4.5,1.9,3.0,2.8,7.0,2.6,7.6
Sarah Howell,Female,20,4.7,5.3,2.5,1.3,8.5,5.6,5.4,9.0,2.0,8.0,3.1,8.4,9.1,2.3
Charlie Byrd,Female,21,7.3,4.9,6.7,2.5,4.5,1.1,3.3,2.5,8.7,2.0,1.3,4.5,5.7,4.7
Evelyn Wong,Female,16,8.5,9.7,6.9,8.8,8.8,5.9,6.2,6.4,1.2,2.8,3.5,8.8,7.9,2.9
Franklin Bowen,Female,45,3.4,8.2,6.3,8.0,6.2,2.6,4.4,8.3,8.2,4.7,1.7,8.3,6.3,5.7
Lawrence Newman,Female,53,6.3,7.1,8.8,5.5,3.5,7.8,3.8,7.5,3.5,5.2,4.1,8.1,6.7,9.0
William Simmons,Male,46,7.4,2.0,4.6,7.4,5.8,7.9,9.6,9.9,6.7,2.5,4.1,2.5,7.1,6.9
Vincent Rodgers,Female,55,2.9,2.5,7.4,5.3,5.8,4.4,1.2,6.4,1.0,3.3,5.1,8.4,9.6,1.7
Eugenia Sullivan,Male,17,5.4,7.8,3.9,8.2,7.0,2.8,2.6,5.7,6.1,3.3,4.3,7.0,1.8,7.3
Eugene Clark,Female,35,5.9,9.0,7.2,6.5,2.1,4.2,2.8,5.3,7.2,1.3,6.6,2.4,8.1,6.1
Matthew Cummings,Female,20,9.9,2.2,7.1,1.3,2.1,8.8,9.6,6.9,8.4,1.5,4.0,4.8,5.3,4.6
Evelyn Glover,Male,28,7.9,8.8,2.1,1.5,2.3,4.3,3.5,1.5,2.9,7.3,7.4,5.9,2.7,7.8
Katherine Benson,Female,27,5.9,5.4,7.9,3.0,7.0,7.1,3.6,3.0,3.7,1.4,7.8,7.3,8.4,6.4
Teresa Morgan,Male,68,3.5,9.1,7.9,1.3,2.9,2.2,1.1,7.0,8.5,8.4,3.7,2.8,4.0,9.6
Carlos Robbins,Female,18,1.5,1.5,3.7,4.4,1.4,8.6,7.6,3.1,7.6,5.1,8.2,8.7,2.8,4.2
Victor Jackson,Male,58,9.8,9.1,5.5,1.2,8.5,8.3,1.3,6.7,2.0,3.5,3.5,4.7,2.7,2.2
Ruth Bennett,Female,29,4.0,9.1,2.9,8.5,3.7,3.3,2.0,8.2,6.0,3.3,1.3,7.8,3.1,9.1
Katharine Newman,Female,39,3.2,4.5,3.3,3.6,7.7,9.4,8.3,1.5,4.5,4.6,3.2,7.9,9.5,4.6
Leila Daniels,Male,22,8.7,5.8,2.7,9.1,2.8,5.4,6.2,3.1,8.1,4.2,7.1,2.4,1.7,3.3
Herman Sanchez,Male,51,8.0,7.7,2.5,6.8,8.1,5.0,1.6,7.0,9.5,5.4,6.6,1.7,3.6,4.1
Howard Ruiz,Male,33,8.7,5.4,6.6,8.9,6.2,4.0,6.0,3.8,6.0,3.9,1.9,1.5,3.2,1.2
Johnny Wolfe,Female,54,6.7,8.4,5.9,3.7,9.7,2.3,6.4,4.8,4.2,1.4,7.2,7.3,4.7,4.9
Lillian Lawson,Female,54,5.7,9.7,5.2,6.9,2.3,6.4,4.1,6.7,5.4,1.4,5.1,3.7,5.7,5.1
Lizzie Washington,Female,27,4.8,9.9,6.0,10.0,7.6,9.7,7.6,7.6,1.1,7.0,9.9,8.9,6.5,2.0
Grace Cobb,Male,21,1.7,7.7,1.4,5.4,7.9,9.8,5.1,1.7,7.7,6.3,7.0,3.4,1.7,5.6
Georgia Griffith,Female,25,8.5,9.5,6.4,4.0,3.8,6.2,1.9,3.6,5.3,1.9,2.2,9.9,3.4,2.7
Jack Rice,Female,46,3.8,6.7,7.4,2.5,2.2,7.0,3.0,9.1,9.1,4.3,7.9,1.5,7.9,1.7
Mary Allen,Female,18,7.1,2.5,3.9,9.7,4.2,3.5,1.9,7.2,6.0,3.6,2.4,3.4,5.1,3.3
Stephen Phelps,Male,29,9.0,4.6,4.7,7.8,2.7,3.7,4.5,1.7,3.4,7.0,6.0,1.8,1.2,7.0
Marvin Cruz,Female,51,1.9,3.0,2.8,9.7,2.5,6.5,7.3,3.2,4.1,3.7,2.3,3.9,4.9,6.7
Timothy Brown,Female,35,2.6,7.1,6.4,2.0,7.2,2.6,2.5,7.0,3.6,3.3,3.3,8.9,6.2,5.4
Maude Martin,Female,29,9.5,7.2,4.1,6.4,7.0,8.0,5.6,7.2,5.4,7.9,7.6,7.7,9.3,5.9
Joel Carlson,Female,22,9.7,4.6,5.2,3.3,6.1,9.1,4.1,6.2,1.0,6.8,9.3,2.3,7.6,3.7
Hannah Hanson,Female,53,5.3,1.9,1.9,9.6,2.6,1.2,3.2,8.5,2.5,5.6,9.1,2.1,9.7,4.4
Joshua Pena,Male,55,3.5,1.3,4.1,7.4,1.6,6.3,8.7,6.3,8.8,7.8,4.9,8.5,5.5,8.4
Jared Coleman,Male,27,4.9,5.1,5.8,5.5,5.0,9.9,9.6,7.5,5.4,1.5,7.5,8.4,8.0,4.4
Bernice Turner,Male,34,8.7,3.8,8.2,4.5,8.5,4.5,9.5,6.0,5.3,9.2,9.5,6.7,2.4,5.6
Cora Herrera,Female,49,7.6,6.2,2.3,3.1,8.7,2.6,2.8,2.7,9.4,8.9,2.4,3.4,7.0,7.4
Martin Jackson,Female,28,4.8,4.2,9.4,6.0,7.4,2.2,4.5,6.9,2.0,3.2,7.4,9.8,2.8,7.9
Effie Robertson,Male,25,2.7,5.9,9.3,7.4,4.1,2.0,5.0,9.6,9.2,1.5,2.9,5.0,9.2,5.9
Adam Pratt,Female,38,7.6,6.2,5.8,5.8,1.4,7.5,9.6,9.2,7.7,4.0,8.8,1.8,5.1,4.0
Aaron Peterson,Male,24,1.6,7.5,1.9,9.4,2.9,8.6,1.4,2.4,7.2,4.7,8.2,4.7,9.8,8.4
Ray Newman,Male,34,6.4,4.8,4.7,7.7,6.9,7.8,1.5,1.1,3.3,2.7,5.9,8.7,6.6,1.1
Nathan Bailey,Female,48,1.3,4.4,6.9,3.9,3.3,7.3,3.0,5.7,8.6,2.4,5.6,8.7,1.3,7.1
Marion Rose,Female,23,9.8,1.6,2.1,8.9,5.9,5.6,9.0,9.2,7.1,2.7,4.9,8.3,6.8,1.8
Hilda Moreno,Male,18,2.6,9.5,7.8,7.4,2.8,7.2,6.6,5.4,6.8,7.5,2.3,7.7,6.9,6.1
Elmer Wade,Male,53,1.2,9.8,7.2,5.8,1.6,3.2,5.6,7.1,10.0,7.9,4.6,7.9,8.9,8.4
Danny McGee,Female,26,5.7,5.7,1.2,4.8,7.2,3.4,5.7,3.8,8.6,8.9,4.7,5.8,3.3,1.0
Christine Kelly,Male,39,6.1,9.7,7.6,3.4,8.2,9.6,9.2,4.9,8.0,6.0,8.6,4.5,3.1,3.5
Scott Oliver,Female,40,8.9,4.6,2.2,9.6,3.2,9.4,1.5,3.7,5.0,1.6,3.1,7.0,3.0,2.6
Estella Evans,Male,32,3.1,9.4,1.5,7.3,2.7,2.9,9.9,2.2,4.3,2.6,5.3,6.3,4.5,5.3
Elva Schneider,Male,41,5.3,3.6,2.3,1.8,5.6,4.4,9.7,9.4,3.3,3.8,7.0,6.9,4.5,4.2
Lilly Mathis,Male,39,7.8,1.5,3.9,1.2,2.8,6.4,5.8,2.7,3.9,4.0,3.7,5.3,9.5,3.8
Larry Hubbard,Female,20,9.8,7.9,3.7,7.8,8.6,4.0,8.7,2.0,7.4,5.0,8.9,1.3,6.9,6.3
Isaiah Palmer,Female,22,2.0,8.5,1.8,4.5,2.9,8.9,2.4,6.6,5.1,5.8,4.1,6.5,6.5,8.0
Dollie Williams,Female,27,3.2,8.0,7.2,5.1,1.8,8.2,8.6,6.4,7.7,3.4,7.9,6.4,5.0,7.4
Francis Adams,Female,19,7.7,3.3,6.6,5.4,5.8,6.8,9.6,5.3,5.8,2.9,8.8,6.6,9.0,7.3
Martin Valdez,Male,37,8.7,9.6,7.8,2.7,2.9,9.3,4.2,3.5,3.4,8.5,4.3,4.9,5.6,1.2
Eula Lynch,Female,24,9.2,2.3,5.9,2.0,8.5,2.6,5.7,8.1,8.3,8.5,4.6,9.6,6.9,5.6
Ann Mendez,Female,22,6.3,4.0,9.5,6.2,5.1,3.4,2.6,7.7,1.9,2.0,7.5,1.5,4.8,1.4
Dennis Stone,Female,37,1.4,6.5,6.2,8.6,4.7,9.8,5.7,3.6,4.6,9.5,6.0,6.0,8.9,1.9
Delia Meyer,Female,38,4.9,5.7,1.8,10.0,6.9,2.9,1.3,6.5,4.8,6.5,2.2,2.1,8.4,9.1
Mary Castro,Male,38,8.5,4.3,3.9,7.5,7.0,9.3,4.5,9.4,3.4,8.9,2.6,8.5,7.2,5.0
Flora Sharp,Male,50,4.5,6.5,2.5,6.8,4.3,6.2,5.3,6.1,8.4,7.2,8.7,8.0,2.8,8.9
Lloyd Andrews,Female,23,3.9,7.3,7.4,5.2,8.8,6.8,5.3,4.5,2.6,3.8,6.5,1.7,5.5,8.4
Elijah Marshall,Male,61,5.6,3.1,4.9,2.4,2.4,2.7,4.6,5.6,3.9,5.8,1.8,9.1,6.6,1.2
Chad Cole,Male,57,8.4,8.5,3.8,6.7,3.5,5.3,8.3,3.5,4.7,7.5,7.3,8.2,3.8,2.7
Max White,Female,36,2.8,10.0,6.7,5.5,6.1,4.1,8.7,5.0,5.9,7.8,9.7,4.9,4.7,9.5
Nathaniel Mann,Male,50,5.3,8.0,9.5,6.7,6.6,2.1,8.5,3.6,3.7,2.0,2.6,3.7,7.9,5.8
Elnora Hogan,Female,32,2.3,5.4,9.1,8.5,3.1,7.3,2.8,5.8,4.2,4.6,9.0,9.5,3.7,9.8
Gavin Little,Female,24,4.1,9.9,6.8,7.7,5.9,5.9,4.0,7.5,9.2,2.8,9.7,5.6,5.3,9.7
Edward Dawson,Male,17,9.1,9.8,2.5,5.7,4.7,9.1,1.2,5.0,8.8,3.3,6.1,7.5,6.7,5.5
Miguel George,Female,18,2.8,4.5,5.2,7.6,3.3,4.0,7.4,7.3,8.2,5.2,6.3,3.5,8.2,1.7
Maggie Chandler,Female,32,3.9,3.3,9.5,3.9,5.1,6.3,7.5,8.2,9.3,9.1,9.4,7.8,4.0,2.1
Delia Weber,Female,24,1.3,4.4,2.4,5.5,7.4,6.5,5.8,5.6,6.3,2.1,5.2,5.7,4.4,2.0
Virgie Porter,Female,19,7.0,6.9,6.4,9.1,9.1,1.6,7.6,3.0,5.3,4.5,7.6,3.6,2.9,9.8
Ricardo Farmer,Male,44,3.2,1.1,9.9,5.6,8.4,9.0,3.8,6.4,4.0,8.7,7.1,1.9,3.8,3.0
Rhoda Blair,Male,20,3.6,6.9,2.0,8.1,9.3,6.6,5.1,3.3,2.9,1.6,5.4,9.4,6.1,2.9
Dorothy McCoy,Male,58,2.3,5.6,2.0,5.2,8.8,6.0,2.8,7.0,8.5,9.5,7.3,3.2,5.7,6.0
Sally Clark,Female,44,8.9,6.0,6.0,3.1,5.4,6.9,3.6,4.2,1.1,4.8,2.4,1.1,1.8,3.6
Martha Lambert,Female,32,6.5,1.3,3.2,1.4,1.9,2.9,6.6,9.3,4.8,9.2,9.0,9.9,6.6,5.7
Fred James,Male,21,1.4,7.2,9.2,4.3,5.8,7.9,2.9,9.2,6.6,3.2,1.7,9.9,3.3,8.3
Harry Pierce,Male,20,8.8,6.9,1.2,3.2,1.5,3.7,7.9,4.4,6.9,6.1,5.7,7.6,5.9,2.6
Blake Aguilar,Female,25,3.1,6.5,3.9,5.7,4.9,7.8,4.8,6.4,8.3,3.6,3.9,4.9,9.7,6.5
Lora Moran,Male,35,6.4,1.9,3.6,9.0,6.6,9.6,9.2,4.6,6.1,3.9,2.2,5.4,2.2,1.6
George Hogan,Male,34,2.9,3.5,3.7,3.1,1.7,5.3,8.0,9.6,2.6,7.6,3.7,9.8,9.9,4.7
Steve Joseph,Male,28,1.4,6.7,7.9,3.0,8.9,1.3,8.8,5.7,1.4,1.2,1.1,7.2,4.7,7.5
Jane Mendez,Female,67,9.0,1.1,9.5,6.7,5.4,7.9,7.0,5.9,9.5,2.8,2.5,3.0,7.1,2.5
Evelyn Henry,Male,26,3.0,5.8,7.2,8.1,5.6,9.7,3.6,3.4,5.2,2.5,7.0,6.8,4.3,1.5
Mollie Jimenez,Male,41,3.4,2.7,3.8,8.1,3.2,6.4,5.8,7.9,8.6,5.0,3.7,9.3,7.7,9.4
Gabriel Miles,Female,24,8.1,6.9,7.9,4.0,6.6,8.5,5.9,5.1,2.4,4.3,9.4,3.6,1.3,3.7
Janie Summers,Male,17,7.4,1.7,2.9,2.5,7.3,5.8,6.2,6.0,5.9,8.8,7.8,8.3,2.8,5.7
Glen Rice,Male,38,2.9,4.8,4.2,2.8,4.2,5.8,1.3,7.6,4.0,7.5,6.4,3.0,6.6,7.8
Terry Wise,Male,59,8.6,8.9,7.9,5.3,3.3,1.6,5.5,1.1,8.6,9.8,7.1,8.4,5.0,5.7
Richard Townsend,Female,18,8.1,8.4,5.5,3.8,7.3,2.0,6.4,4.5,4.5,5.3,6.3,3.0,2.7,3.0
Polly Norris,Female,18,2.7,4.0,9.1,3.2,2.3,2.5,4.6,3.5,1.7,9.2,6.5,5.0,8.5,5.9
Daisy Weaver,Female,16,2.2,5.1,3.1,6.6,4.6,6.3,3.1,8.0,5.8,1.4,4.2,3.7,3.5,2.6
Lawrence Young,Male,20,1.9,5.3,4.3,6.2,8.7,9.8,5.7,4.6,9.1,8.0,2.6,3.4,1.7,6.2
Alice Vasquez,Female,17,6.0,4.3,8.0,3.6,9.4,4.7,2.7,8.3,9.7,1.6,2.7,3.3,6.1,5.7
Rose Patterson,Male,33,1.6,2.4,2.8,2.3,2.5,4.6,9.6,1.1,2.0,4.5,9.9,4.6,6.8,9.0
Brent Buchanan,Male,25,6.7,6.8,9.3,8.7,7.1,6.5,1.8,5.1,5.8,3.3,4.2,9.1,9.6,3.8
Patrick Kim,Male,44,1.7,6.6,2.1,6.6,1.3,6.2,3.9,1.0,5.5,2.9,1.2,7.3,3.9,6.9
Bobby Murphy,Female,18,9.4,5.1,2.0,3.3,2.6,2.4,8.0,9.6,9.0,7.7,6.6,3.4,5.6,1.6
Chase Green,Female,42,3.3,6.6,8.3,7.7,7.3,8.0,5.1,1.7,4.0,8.5,1.9,4.6,4.8,5.6
Sophia Duncan,Male,34,2.6,6.5,4.9,2.8,8.7,2.9,8.4,1.7,7.4,5.7,2.0,5.0,5.2,2.8
Victor Holmes,Female,39,10.0,9.0,4.5,9.4,5.7,2.0,3.8,5.8,4.2,1.8,2.3,1.0,5.3,6.5
Eliza Morrison,Male,25,3.8,2.7,5.2,3.8,2.5,1.5,2.9,8.9,8.1,9.5,9.7,8.5,6.8,6.1
Miguel Thornton,Male,41,7.0,2.9,1.9,6.7,3.8,8.9,5.3,9.0,8.4,8.1,1.3,3.8,2.7,7.9
Clara Page,Male,57,6.5,9.4,1.6,5.3,7.0,6.2,2.8,3.3,4.9,1.9,7.7,8.2,1.2,8.3
Myrtle Sullivan,Male,26,1.7,3.0,2.5,1.4,4.5,8.8,4.5,3.5,1.9,9.1,1.1,1.8,6.7,4.3
Mabel Fowler,Male,58,3.3,9.5,6.8,5.7,8.3,7.6,5.5,5.1,1.8,3.3,6.7,1.1,3.5,7.8
Lola Marsh,Female,28,1.4,6.4,2.2,5.2,1.5,4.6,8.2,7.5,2.8,8.2,3.8,5.2,3.8,7.6
Nina Padilla,Male,35,8.6,3.5,5.3,3.0,2.3,4.4,5.5,9.4,3.0,9.6,5.9,6.2,7.7,7.0
Esther Chandler,Male,52,3.6,7.6,6.7,9.1,9.9,1.1,8.0,9.8,6.4,6.7,6.4,8.3,4.7,3.6
Michael Henderson,Female,32,3.8,1.4,3.6,2.6,2.3,8.7,7.9,6.3,1.1,9.5,7.7,1.9,4.2,4.4
Kyle Benson,Male,26,3.2,6.4,1.2,8.5,5.9,2.3,7.5,5.9,2.6,3.9,1.3,9.8,7.8,6.8
Hannah Leonard,Female,31,1.6,2.1,8.3,2.3,5.0,3.6,8.9,1.3,4.9,3.2,5.2,7.2,1.7,2.7
Lola Murphy,Male,20,4.9,8.1,8.1,5.0,4.0,5.4,2.4,3.2,9.3,8.3,6.4,3.6,6.7,9.0
Sophie Mullins,Male,39,1.2,7.1,4.2,7.9,2.4,8.8,5.9,9.3,3.5,5.4,5.8,2.2,4.3,5.7
Leona Goodman,Male,35,4.9,1.3,8.7,3.4,8.1,2.8,1.6,4.1,4.4,8.9,9.5,1.8,4.2,4.2
Matilda Morrison,Male,51,3.1,4.1,6.4,3.8,7.1,6.3,1.0,9.7,6.8,5.1,3.8,6.6,7.8,9.8
Alfred Willis,Male,28,6.4,5.1,5.4,8.4,1.6,8.8,9.9,3.0,9.7,1.7,2.9,5.0,8.0,8.9
Elsie Osborne,Male,26,8.3,4.6,3.0,3.4,1.4,9.6,8.3,8.7,8.5,8.6,3.1,6.4,2.0,3.4
Sophie Schmidt,Male,56,1.9,6.7,4.9,2.2,3.5,6.4,1.9,9.1,7.3,8.5,8.6,9.9,7.4,8.0
Jared Cobb,Female,26,8.8,1.5,8.8,8.4,8.4,8.3,2.8,4.0,9.9,2.9,3.8,5.6,7.4,1.8
Sara Simon,Female,53,1.6,7.9,3.8,10.0,4.1,6.3,5.2,3.8,7.3,7.9,7.8,6.2,9.5,2.8
Evelyn Manning,Female,41,9.6,5.1,6.7,6.5,3.2,6.1,3.4,2.1,6.3,7.0,1.1,6.2,8.1,4.7
Willie Murphy,Male,36,8.8,6.2,6.1,6.7,5.5,3.4,9.7,9.1,8.2,8.4,8.8,2.5,1.8,3.1
Juan Sullivan,Male,27,4.2,8.0,5.9,9.8,9.1,9.2,2.2,9.5,9.2,6.9,8.1,3.6,1.6,4.7
Norman Glover,Male,19,9.7,2.3,6.1,7.1,5.0,7.1,8.6,5.3,1.9,7.3,4.2,1.7,6.2,7.9
Micheal Jensen,Female,25,6.5,5.3,8.4,2.5,9.9,5.7,2.4,3.3,8.1,8.1,6.5,2.8,8.4,7.4
Steve Abbott,Female,21,4.4,6.2,6.2,7.0,7.3,9.6,4.5,4.5,6.0,1.1,5.9,9.5,2.6,3.1
Ina Abbott,Male,22,8.2,5.5,6.7,3.2,9.5,3.1,7.8,4.9,5.0,5.9,4.2,9.0,6.0,7.6
Jessie Stone,Male,40,4.7,8.9,7.6,8.4,9.2,6.3,5.7,1.0,2.6,3.3,3.8,6.9,9.5,3.2
Stephen Gibson,Female,22,5.5,9.6,2.5,5.5,6.8,8.3,8.1,5.3,3.7,5.6,2.2,1.1,5.1,5.8
Billy Wilson,Male,57,1.9,5.0,6.6,6.4,3.3,6.2,2.5,1.5,4.8,8.8,7.0,9.7,3.7,7.3
Emilie Cobb,Female,57,5.2,1.3,1.1,8.5,4.3,7.3,9.8,4.9,6.3,6.1,2.2,5.3,6.1,9.4
Celia Smith,Male,19,3.2,2.4,8.8,3.2,6.3,7.1,4.3,6.0,1.4,7.8,4.0,2.3,9.6,3.1
Georgia Fleming,Male,45,9.2,7.2,2.1,4.1,1.7,3.8,4.8,6.4,9.1,7.7,7.9,8.3,6.8,3.8
Daniel Caldwell,Male,27,5.4,2.4,2.1,5.3,8.3,5.1,8.7,6.0,6.2,3.6,3.5,1.1,7.0,3.0
Callie McLaughlin,Female,29,3.0,5.0,6.2,3.2,1.2,5.8,8.9,4.8,2.1,2.2,6.5,1.2,4.3,4.8
Maud Perkins,Male,34,1.4,9.9,4.4,9.9,2.2,2.9,10.0,3.1,9.6,2.4,3.0,6.0,5.3,5.5
Mable Lamb,Female,36,9.6,3.5,7.9,6.2,7.3,7.3,4.3,4.8,1.8,7.0,7.7,3.6,2.6,9.7
Theresa Banks,Male,18,8.5,1.3,4.4,5.6,8.6,8.7,3.7,6.7,4.1,8.3,9.0,9.2,3.0,4.2
Myra Martinez,Female,17,1.1,7.9,3.1,8.9,1.3,5.4,4.9,2.3,9.0,9.5,9.6,9.0,4.6,6.0
Winnie Massey,Male,64,3.7,2.1,4.8,7.0,7.2,4.8,5.5,5.8,6.4,8.5,5.2,8.4,8.4,8.8
Francisco Mitchell,Male,36,2.9,3.8,9.0,4.9,9.0,5.6,1.4,6.3,7.7,8.6,9.6,9.8,4.9,5.6
Ray Burns,Female,36,9.8,3.7,2.2,7.1,6.1,3.4,4.9,2.9,8.9,3.9,1.8,9.4,9.5,3.9
Isabel Lloyd,Male,16,6.7,2.4,2.1,8.5,4.8,1.4,7.5,1.3,1.6,7.3,9.4,5.9,4.9,9.9
Marvin McLaughlin,Male,28,8.7,9.2,5.0,6.8,5.2,9.9,5.1,4.3,5.1,8.0,5.5,9.6,10.0,2.5
Esther Alvarez,Male,28,6.7,4.5,4.9,1.7,1.4,8.9,3.1,5.7,3.0,1.2,4.5,2.9,2.6,4.5
Cornelia Griffin,Male,29,7.6,6.0,3.0,6.8,2.1,1.4,7.7,8.9,3.7,3.8,6.1,8.2,8.7,8.2
Robert Mason,Male,34,1.1,3.0,1.7,9.5,4.5,7.7,6.9,9.3,7.7,5.3,8.9,6.7,5.0,5.4
Olive Holland,Female,25,6.2,1.9,5.5,3.6,6.7,3.4,7.1,8.2,5.3,7.5,7.7,9.4,4.2,9.9
Jordan Hammond,Female,58,7.5,4.2,3.8,4.3,6.9,2.6,9.0,4.6,8.2,9.2,8.6,8.9,3.7,7.0
Marion Howell,Male,50,5.3,7.6,7.6,5.7,5.4,5.2,10.0,6.7,2.7,7.6,2.2,3.5,2.5,2.9
Jacob Hopkins,Male,22,2.3,5.6,1.4,9.8,1.2,8.2,9.1,3.3,4.3,8.6,7.0,3.8,2.7,7.1
Anthony Sanchez,Male,61,4.2,7.1,8.5,7.0,4.9,7.5,5.7,1.2,1.1,6.6,5.6,4.2,6.9,2.9
Jeff Edwards,Female,16,7.6,8.9,5.5,5.3,5.0,4.7,4.1,5.2,6.8,1.8,8.4,4.0,6.3,1.5
Lois Arnold,Female,43,1.9,6.8,8.4,9.4,8.5,3.3,9.2,1.4,5.4,1.9,6.2,8.3,7.6,8.0
Alejandro Wong,Male,36,1.3,6.0,7.6,6.3,2.9,6.5,1.9,2.5,8.0,7.7,8.9,1.8,2.8,3.6
Derek Jensen,Female,27,6.6,4.1,1.6,3.7,7.8,7.4,8.2,8.5,7.1,4.8,1.3,6.8,2.0,2.5
Mina Reed,Male,23,5.8,9.0,8.8,5.1,5.9,7.3,1.0,3.6,2.3,4.5,8.9,6.3,2.8,5.9
Elsie Farmer,Female,44,8.3,5.7,5.4,2.6,3.0,5.8,1.3,3.3,9.4,7.2,2.9,4.4,3.1,5.9
Stella Scott,Male,27,2.9,9.9,5.3,5.2,7.8,1.4,1.2,7.4,5.0,5.8,3.9,9.1,3.4,9.4
Georgie Goodman,Female,20,7.2,9.8,4.8,4.3,9.1,8.4,6.8,2.9,2.7,7.6,1.2,6.3,6.8,9.3
Trevor Ryan,Male,26,9.8,7.8,1.6,3.3,8.8,3.1,7.4,2.9,3.2,9.5,2.3,4.4,7.0,8.2
Max Fox,Male,43,3.1,3.0,5.1,7.6,6.2,4.8,3.3,5.5,3.3,2.8,8.7,7.0,7.4,4.3
Millie Lewis,Female,18,3.9,2.6,6.1,3.6,5.1,6.7,6.6,1.4,5.2,9.5,2.6,6.2,3.9,3.3
Augusta Wagner,Female,40,1.8,6.6,5.6,4.6,2.5,2.2,6.7,3.4,8.5,3.1,2.4,8.8,6.9,4.1
Jorge Richardson,Male,18,4.5,9.6,9.6,4.0,2.0,4.1,3.6,6.3,10.0,4.5,9.1,4.9,7.5,3.7
Dustin Ingram,Female,28,9.9,5.0,2.5,8.6,9.2,8.4,7.5,9.7,2.2,7.3,2.9,9.6,8.3,3.2
Stanley Smith,Female,58,6.8,6.8,8.5,4.2,6.3,3.7,8.6,5.5,1.3,5.0,7.5,9.1,4.0,9.9
Ralph Fleming,Female,29,1.3,9.9,2.9,4.0,3.8,9.8,7.8,2.7,1.1,5.2,8.8,9.5,6.0,7.9
Nora Wright,Male,35,1.6,3.1,4.1,9.3,9.1,9.0,9.7,6.5,9.5,9.4,3.7,7.1,6.6,8.9
Oscar Griffith,Male,39,8.3,2.0,5.6,9.6,3.3,3.4,7.0,9.1,3.7,2.9,2.2,8.7,6.4,2.9
Bessie Robinson,Female,24,1.6,5.8,3.1,1.4,5.7,9.7,9.3,3.1,8.0,6.3,8.4,1.6,8.4,7.2
Cecelia Rowe,Male,45,9.3,4.6,8.7,2.5,6.2,5.9,9.2,8.0,8.4,1.0,1.8,2.6,9.7,2.3
Mark Wong,Female,17,4.6,3.4,5.6,8.0,7.6,9.7,3.9,1.2,2.3,3.3,4.5,1.9,5.4,2.8
Lena Newman,Male,35,6.8,3.8,1.6,3.8,7.3,5.6,3.9,9.8,3.9,2.5,2.4,3.0,5.5,5.2
Gilbert Miles,Female,16,5.5,9.5,9.7,2.0,9.7,2.0,8.3,3.0,5.4,7.5,6.7,7.2,1.9,5.1
Garrett Tate,Female,22,4.2,1.4,7.9,9.7,2.8,9.3,3.0,4.3,5.4,3.1,7.1,9.0,3.6,6.8
Lenora Joseph,Female,27,6.1,1.5,8.9,6.7,2.5,4.8,10.0,7.9,2.2,8.8,6.0,5.8,3.5,4.0
Emma Duncan,Male,26,2.7,9.1,7.6,7.6,1.2,7.9,6.3,8.6,3.4,5.3,3.8,2.9,4.4,7.0
Frances Morgan,Male,47,4.9,5.0,9.1,7.3,5.1,2.5,2.4,9.3,8.2,5.9,8.9,6.6,2.2,6.3
Lucille Schmidt,Male,42,6.7,8.0,5.0,8.6,7.1,5.8,7.1,2.5,9.7,1.9,9.4,9.8,3.3,6.3
Jeffrey Maldonado,Female,66,9.0,3.1,2.7,1.5,9.3,1.7,2.9,2.5,4.1,3.7,1.8,2.4,1.3,1.2
Francisco Hansen,Female,33,3.9,4.9,5.7,5.7,5.9,8.4,6.3,8.8,2.0,4.7,4.7,8.3,2.9,4.1
Mario Weber,Female,20,4.4,5.3,1.4,3.6,1.0,1.4,3.7,9.4,4.5,3.7,5.6,7.9,4.0,8.6
Bruce Smith,Female,30,4.4,9.2,3.4,7.1,5.4,9.3,1.6,4.8,7.1,4.9,7.8,2.4,6.1,9.6
Warren Pierce,Female,42,6.9,5.7,1.0,5.5,6.0,1.4,3.2,9.8,1.4,9.8,3.9,6.4,4.4,2.5
Minerva Simmons,Female,28,1.1,5.7,6.2,7.6,9.6,3.9,8.5,3.4,2.2,5.8,2.5,8.1,9.3,7.1
Dora Roy,Female,24,7.2,2.0,7.2,3.6,2.5,9.6,2.6,8.6,3.1,5.5,1.3,8.6,3.3,9.2
Willie Davis,Female,16,2.0,1.9,7.1,7.5,4.8,5.1,2.6,4.5,1.7,9.1,2.9,4.3,3.5,8.2
Jack Palmer,Female,39,5.4,9.4,3.3,6.4,3.5,9.5,7.3,4.8,9.2,9.7,6.5,8.7,2.0,6.1
Henrietta Santiago,Male,16,8.0,1.8,5.6,7.4,5.1,1.2,5.4,2.8,7.8,6.4,7.0,10.0,9.5,4.7
Etta Colon,Male,65,3.0,7.4,7.2,1.4,1.6,8.0,2.1,8.6,2.5,7.2,1.8,5.3,7.6,8.6
Lulu Wood,Female,69,10.0,2.6,3.0,6.7,1.9,2.6,2.4,4.2,5.9,2.4,8.9,3.3,4.6,4.9
Steven West,Male,45,4.7,1.9,4.0,2.1,9.8,6.1,1.6,8.7,2.1,8.9,9.1,2.2,6.0,1.9
Anthony Carson,Female,18,7.8,9.9,2.9,2.6,5.7,8.3,7.2,3.6,7.4,6.6,8.0,6.6,7.4,7.0
Ruby Clark,Male,25,4.8,2.3,3.4,7.2,7.5,8.7,3.8,4.8,9.7,8.1,5.8,8.0,1.2,2.7
Nannie Mathis,Female,34,7.5,1.6,3.8,6.6,9.2,6.0,2.9,9.0,5.1,2.6,4.3,3.3,8.4,1.5
Gordon Collins,Male,18,4.5,8.9,6.1,5.1,6.1,3.9,8.5,8.3,6.1,9.9,5.5,5.0,3.7,9.5
Victor Morales,Male,52,2.7,8.6,6.7,6.6,7.3,4.8,4.3,3.6,1.9,2.6,3.6,3.3,7.3,8.2
Herman Massey,Female,25,2.2,9.4,3.0,9.2,1.7,3.2,3.4,3.1,8.9,8.2,9.3,4.3,7.0,3.7
Olga Figueroa,Male,54,9.5,8.4,2.0,6.3,7.0,6.0,7.0,9.5,9.1,3.3,4.8,5.9,7.4,4.3
Hulda Adams,Male,32,4.5,9.8,5.9,5.3,3.7,7.4,7.3,5.0,1.9,4.5,3.5,8.1,8.2,1.2
Alvin Lloyd,Female,21,3.3,3.1,9.1,9.8,6.9,5.3,4.5,9.9,1.9,9.4,3.3,7.4,3.3,8.5
Tyler Massey,Female,31,5.2,4.2,9.9,2.2,2.4,4.3,2.4,3.6,3.9,1.8,2.0,8.4,3.6,1.3
Belle Cummings,Male,28,9.7,3.9,5.6,7.7,7.3,6.8,6.4,8.5,5.4,7.2,9.1,6.6,8.7,7.6
Hester Patton,Male,40,3.3,2.0,9.5,7.0,7.2,1.9,5.3,5.7,3.4,6.7,9.2,9.9,6.3,9.3
Lula Shaw,Female,17,4.5,2.4,5.1,4.0,8.0,8.2,1.7,6.1,5.7,1.3,8.8,8.3,8.0,4.5
Jose Valdez,Male,29,5.9,1.9,3.2,6.2,8.4,4.5,1.5,6.2,4.1,2.8,1.9,5.9,8.6,9.5
Ruth Rios,Female,52,2.6,4.6,7.5,9.4,7.3,8.5,4.6,4.1,5.0,2.3,4.3,3.9,8.3,5.6
Charles Crawford,Female,35,7.7,6.0,2.9,3.9,7.6,1.8,8.8,7.3,9.7,1.4,2.8,6.2,5.0,7.5
Maurice Conner,Male,45,6.8,9.8,8.2,2.7,7.8,6.6,6.9,3.1,7.8,4.8,8.6,6.2,8.6,8.7
Ora Wade,Female,21,2.8,9.4,2.2,4.0,8.3,8.0,1.0,8.5,2.2,5.5,4.6,7.4,9.0,7.7
William Strickland,Female,36,6.6,8.4,4.4,6.5,10.0,7.4,9.2,8.5,9.5,1.2,6.6,3.8,3.7,9.7
Noah Matthews,Female,31,4.9,9.5,7.3,4.2,5.7,7.6,4.5,7.7,6.1,6.7,3.8,6.0,8.3,2.0
Jackson Snyder,Female,30,4.4,1.2,3.8,7.6,6.5,3.8,6.3,3.6,4.0,3.0,3.7,2.6,5.1,5.5
Elva Dunn,Male,55,2.4,1.3,6.6,7.5,5.9,3.7,3.5,9.5,6.6,5.4,1.6,5.7,5.3,7.0
Gene Manning,Female,34,2.7,5.1,2.3,2.0,5.5,7.3,9.7,8.0,3.0,1.6,3.4,4.3,7.8,4.5
Frances Bryan,Male,62,5.0,1.3,3.1,6.2,9.1,8.8,3.0,8.1,1.2,4.8,5.8,7.7,9.6,1.9
Adeline Todd,Female,20,4.4,3.1,1.2,5.5,2.6,8.6,2.2,8.9,9.7,4.2,5.9,8.8,6.1,6.8
Blake Hicks,Male,42,1.6,3.3,9.6,4.8,2.0,1.7,5.4,1.9,1.3,3.2,8.5,5.2,4.9,7.9
Addie Farmer,Female,31,4.7,6.7,5.4,7.3,7.2,7.9,1.7,8.9,2.5,6.6,9.4,1.2,4.9,9.0
Oscar Bryan,Male,17,6.8,3.7,6.3,9.5,9.2,1.3,5.1,4.5,3.5,6.6,6.0,8.2,5.6,9.0
James Morrison,Male,39,1.4,8.2,3.7,9.1,2.4,9.2,5.3,6.7,1.9,6.7,8.7,3.6,3.5,2.2
Janie Schwartz,Male,29,3.3,1.7,6.4,4.0,5.3,2.1,5.0,8.4,8.1,2.3,7.3,1.0,6.9,3.9
Todd Mendoza,Male,33,6.9,8.2,1.8,6.8,5.8,8.7,3.9,1.9,1.1,3.9,7.1,3.9,8.0,5.5
Millie Burns,Male,27,7.1,6.2,2.8,9.7,6.7,9.7,7.2,8.4,7.7,6.2,6.9,6.9,4.2,10.0
Glenn Malone,Female,37,1.2,5.5,2.2,5.5,4.2,6.1,2.9,4.8,8.1,5.8,6.3,4.7,7.2,7.5
Marie Munoz,Male,36,3.7,9.9,9.4,1.5,7.0,8.0,5.7,8.2,7.8,9.9,1.8,8.8,6.7,7.4
Ora Stevenson,Male,45,6.3,1.1,5.3,7.5,1.9,5.5,3.8,2.3,3.8,8.8,3.7,3.0,5.0,5.5
Carolyn Strickland,Male,35,5.4,2.7,6.0,2.5,2.6,8.4,4.2,3.5,1.1,9.4,7.8,1.7,5.7,8.4
Jacob Wood,Female,31,8.0,5.2,1.7,6.5,1.3,6.0,5.9,3.4,3.3,3.1,2.4,10.0,2.6,7.7
Nannie Gibbs,Female,33,2.2,2.3,6.1,8.1,3.4,5.4,2.7,7.2,2.6,1.7,8.3,8.1,9.1,9.8
Angel Martinez,Female,32,3.0,5.1,9.7,1.9,6.3,2.9,9.6,8.4,2.1,5.1,7.7,5.2,8.4,7.4
Bruce Walters,Female,44,4.3,3.3,3.6,7.8,9.9,6.8,1.7,8.4,5.5,5.5,2.1,9.8,4.2,4.4
Madge Hunt,Male,49,2.3,8.6,5.9,3.9,5.0,9.0,1.3,9.9,3.7,9.4,7.1,5.1,4.9,6.3
Della Simpson,Male,26,9.5,4.2,5.7,5.6,1.1,1.8,2.3,1.8,7.3,6.8,4.5,4.0,1.4,2.9
Adrian Dawson,Female,29,7.2,3.6,4.1,8.8,9.6,10.0,2.1,3.0,8.3,6.7,2.4,4.3,6.7,10.0
Jeffery Larson,Male,21,4.7,6.7,4.6,1.3,8.3,4.1,9.2,3.1,4.3,7.3,5.2,3.6,7.1,3.5
Winifred Love,Female,40,9.4,7.1,2.1,7.2,8.5,6.9,3.3,7.9,6.0,2.6,8.1,5.5,1.5,4.3
Estella Todd,Male,18,6.8,7.2,7.3,8.7,5.4,7.9,7.9,8.7,4.8,4.1,7.9,2.6,4.9,7.0
Ora Beck,Male,30,2.9,9.1,1.9,5.6,3.6,2.5,4.0,8.2,8.4,9.3,9.3,5.7,5.0,1.9
Isaac Richardson,Female,26,9.6,2.8,5.1,7.0,6.1,2.0,7.8,1.3,1.9,8.2,7.4,8.2,1.8,7.6
Caleb Lewis,Female,29,3.8,8.4,4.5,1.9,7.5,7.1,5.1,7.2,9.0,9.1,5.2,9.2,6.2,9.9
Julian Massey,Male,39,2.2,2.5,6.7,4.1,3.0,3.4,9.8,6.6,2.6,8.2,3.3,7.6,1.1,9.5
Louis Jensen,Male,32,10.0,8.0,9.9,2.4,7.3,4.0,8.6,3.3,8.4,9.4,9.3,4.7,1.5,9.4
John Barber,Male,56,7.7,3.1,6.9,7.4,1.9,2.3,6.0,1.7,1.4,2.6,8.0,5.0,7.6,9.2
Christine Patton,Female,50,9.2,4.7,4.8,6.9,6.6,3.7,3.6,2.9,5.4,1.9,4.8,8.2,4.6,8.8
Sam Berry,Male,25,5.5,1.6,7.6,2.4,8.7,1.6,5.4,8.4,5.8,1.3,7.6,2.3,6.2,3.2
Adelaide Rivera,Female,38,9.9,2.9,9.7,9.4,6.8,1.3,8.7,8.3,6.4,8.7,2.2,4.5,1.3,7.3
Keith Graves,Female,40,9.7,7.0,6.6,9.6,9.6,4.4,5.4,2.1,9.5,6.7,8.4,2.3,7.3,9.0
Anthony Thompson,Female,47,3.6,7.9,9.2,6.6,5.3,3.8,2.1,6.5,5.7,7.4,1.7,7.2,1.9,5.6
Allen Snyder,Female,46,3.5,1.2,3.2,2.7,2.7,3.6,6.9,6.4,6.5,6.1,1.3,9.3,5.5,1.4
Josie Cox,Female,47,5.2,8.2,5.1,1.6,1.6,7.5,9.0,7.9,4.3,7.3,7.7,6.1,8.1,9.5
Luke Newton,Male,57,7.4,6.4,3.7,3.8,9.2,2.3,8.7,7.0,3.1,3.7,5.2,5.0,7.8,4.9
Virginia Webb,Female,48,2.8,4.5,1.8,5.0,7.0,2.6,5.8,2.4,4.3,5.1,8.9,4.3,3.8,4.8
Betty Christensen,Female,44,9.9,4.9,6.5,9.6,1.7,5.5,8.3,4.4,5.2,8.4,4.5,9.0,8.3,7.1
Frances Turner,Female,52,3.2,4.7,7.5,9.5,8.5,4.9,5.0,4.4,9.6,5.6,8.8,7.7,6.3,8.9
Chase Hoffman,Male,50,7.2,6.7,3.0,8.4,3.7,3.3,4.4,2.4,2.7,9.7,2.6,3.1,8.6,2.4
Jorge Terry,Female,40,1.9,2.3,4.4,8.6,3.8,8.2,7.3,8.9,5.5,8.6,9.3,4.7,9.5,1.7
Annie Herrera,Male,34,9.4,6.9,2.9,1.2,3.2,9.5,4.5,7.4,3.3,3.7,2.7,3.3,6.6,5.9
Calvin Carter,Female,25,3.0,5.9,7.2,9.7,2.5,4.7,9.1,5.7,9.1,7.3,2.2,8.7,7.5,6.8
Georgie Payne,Female,46,9.8,7.4,8.4,2.8,2.6,3.8,3.0,4.7,3.3,5.6,2.2,2.9,9.7,9.1
Jeffrey Roy,Female,28,5.0,6.9,4.2,5.0,1.9,6.9,2.6,6.4,4.0,9.7,3.4,4.2,6.9,2.4
Ada Glover,Female,19,7.1,9.0,5.7,7.6,2.1,7.1,1.8,7.2,9.3,1.4,5.0,6.2,1.6,8.0
Lois Ramsey,Female,43,4.6,3.7,9.6,1.7,9.5,6.1,6.1,8.6,8.4,4.2,8.2,3.2,2.6,4.0
Ellen Dunn,Female,58,7.6,2.2,2.6,7.9,9.6,4.8,4.9,3.5,8.1,6.3,1.6,1.5,9.1,5.0
Ollie Maldonado,Female,22,10.0,3.1,6.2,3.7,1.7,6.7,9.5,5.4,3.7,7.8,9.9,1.6,1.9,2.1
Chad Lindsey,Female,31,7.8,5.5,5.5,4.8,9.5,2.2,2.5,1.4,4.2,2.2,4.0,6.9,8.7,2.2
Jeffrey Schultz,Female,67,4.8,6.4,1.5,9.4,9.4,2.7,4.6,5.6,3.2,2.2,9.7,2.0,9.7,3.8
Annie McDaniel,Female,59,7.3,3.5,9.3,2.8,5.8,9.0,8.3,2.3,2.1,4.0,5.9,7.6,9.0,2.4
Tommy Obrien,Female,21,8.8,6.0,4.2,1.2,2.3,7.8,4.4,7.3,4.6,5.1,7.3,3.9,6.8,1.7
Sally Turner,Female,30,5.9,4.7,6.9,4.4,3.0,6.7,6.3,4.4,7.5,6.2,2.1,3.3,3.9,8.7
Birdie Reynolds,Male,20,3.5,3.9,7.8,3.3,6.5,2.0,4.2,2.5,1.9,9.9,8.5,3.9,8.0,5.7
Elva Moody,Female,31,9.3,7.6,3.2,2.7,7.3,8.3,5.4,8.8,4.0,3.4,7.4,5.6,5.3,4.0
Alejandro McKenzie,Female,37,4.5,4.6,6.0,5.1,8.1,9.5,4.7,1.4,2.5,7.6,2.9,7.3,2.5,3.3
Alma Wagner,Male,62,5.5,6.4,7.2,1.8,3.4,5.5,8.3,1.5,8.4,5.2,9.3,8.6,1.8,3.9
Todd Warren,Female,35,4.9,5.5,2.4,4.2,9.5,4.2,6.0,9.8,3.4,8.4,5.1,7.4,5.3,6.2
Nancy Kim,Male,53,7.0,6.7,6.0,4.5,3.6,9.0,5.4,7.0,6.2,8.2,9.4,2.3,9.3,7.7
Roxie Cummings,Female,48,4.4,8.6,10.0,3.1,5.7,6.8,8.1,5.6,7.5,9.3,8.9,6.3,2.2,9.0
Iva Williamson,Male,39,1.4,8.9,1.7,1.1,1.8,1.1,8.3,5.4,6.0,6.5,2.1,3.5,6.8,9.4
Frank Gill,Female,20,3.9,3.4,7.6,6.7,3.8,1.6,2.8,9.1,5.8,2.0,9.8,4.6,5.4,5.2
Dennis Sandoval,Male,37,8.3,9.8,6.8,8.2,8.0,7.9,2.6,2.6,3.3,6.8,4.3,9.9,4.3,1.7
Amelia Garrett,Female,37,8.9,7.4,2.3,6.5,2.0,6.8,1.8,4.5,1.4,10.0,6.1,2.5,1.9,8.3
Ruth McDonald,Female,36,2.2,9.2,5.9,1.5,7.3,7.8,6.1,9.7,2.4,6.1,4.0,6.7,3.3,2.3
Clayton Clark,Male,31,1.6,2.1,5.5,6.1,4.0,1.6,4.9,6.2,6.3,6.9,4.5,2.9,3.2,2.5
Garrett Barnett,Female,25,1.1,2.8,7.5,9.3,9.0,5.2,5.1,9.9,9.5,9.5,5.2,3.3,5.6,1.1
Steven Walker,Female,29,4.5,2.2,6.9,2.1,2.3,9.7,1.0,8.9,2.9,1.4,1.5,5.9,3.2,5.1
Blake Smith,Female,18,7.9,2.7,6.1,8.7,7.0,9.7,9.1,9.9,5.7,4.4,5.2,4.8,4.0,5.9
Minnie Shelton,Male,17,5.5,6.4,5.4,7.0,4.2,9.2,5.1,4.4,1.5,4.3,4.4,8.7,10.0,3.0
Lillian Riley,Female,23,6.0,5.5,5.5,6.8,8.1,8.6,1.3,4.1,9.0,2.9,3.5,1.4,10.0,8.7
Chase Warren,Female,21,2.1,9.4,6.1,8.3,6.5,6.1,9.6,9.9,8.3,3.1,6.9,6.7,6.7,1.4
Mabel Daniels,Male,47,5.9,8.8,5.8,8.8,2.3,6.4,9.4,9.7,9.9,8.2,1.9,3.6,7.5,7.0
Isabelle Munoz,Female,16,7.0,6.2,8.3,6.0,9.9,1.1,1.5,6.0,8.2,1.0,9.9,2.7,2.7,6.4
Joseph Reed,Male,22,2.7,7.4,1.4,3.3,9.7,3.3,2.4,6.9,1.0,4.2,7.9,9.8,2.6,2.6
Frederick Sullivan,Female,22,6.8,8.1,9.5,3.7,7.9,1.1,7.9,3.6,9.5,1.6,3.0,7.3,4.2,6.4
Pearl Greer,Female,56,10.0,1.5,3.1,6.7,6.8,1.7,8.3,5.0,2.3,7.0,7.7,8.6,9.5,2.9
Willie Strickland,Male,22,8.1,5.4,7.2,5.1,9.0,9.0,4.7,4.8,9.4,6.3,8.9,7.6,6.0,6.7
Nancy Bush,Male,67,4.5,6.1,9.3,7.6,1.6,8.7,6.3,6.4,5.4,6.2,7.5,2.1,6.2,3.4
Polly Davidson,Male,27,4.7,7.8,6.2,7.5,8.6,1.5,1.0,2.4,8.2,8.6,9.3,9.0,3.1,6.9
Cody Thornton,Male,38,4.6,3.7,5.9,7.0,5.2,7.5,3.5,1.0,6.9,1.7,2.4,1.3,7.1,3.1
Betty Moss,Male,39,6.9,5.3,2.2,5.3,1.2,7.6,3.0,2.9,7.8,3.3,4.1,1.4,3.0,4.2
Bobby Larson,Female,60,1.9,6.0,6.7,6.3,9.6,9.4,5.5,1.6,2.5,4.6,3.1,4.4,1.3,1.7
Richard Douglas,Female,33,5.9,9.8,6.8,7.4,1.0,1.2,6.8,9.0,8.0,8.3,8.2,6.9,6.6,1.4
Daniel Warner,Female,39,4.6,2.3,3.8,9.1,7.1,1.0,8.5,8.7,2.7,1.3,4.6,2.7,3.9,9.3
Lola Paul,Female,18,1.6,9.2,5.7,2.9,6.3,4.7,8.8,4.5,4.2,8.8,9.2,1.6,4.4,5.5
Max Walker,Female,41,2.6,7.7,1.8,6.3,1.8,7.5,2.8,2.6,4.2,5.2,5.5,6.7,9.7,2.0
Delia Murray,Female,18,8.7,6.7,1.7,5.1,6.3,6.2,9.0,2.1,5.2,6.7,1.2,6.3,4.9,5.7
Lily Burke,Female,42,2.9,4.1,4.0,4.4,7.6,7.9,5.7,5.7,2.2,9.1,8.8,4.6,1.2,5.7
Gordon Maldonado,Female,36,7.8,4.7,8.2,5.2,5.2,2.5,3.9,8.3,9.2,7.3,8.3,8.2,3.4,1.9
Andre Rios,Male,26,6.7,2.2,1.8,7.2,8.2,7.4,10.0,3.7,7.4,2.5,3.3,4.8,5.0,8.4
Susan Walsh,Female,24,4.5,5.2,8.6,6.3,6.9,4.7,1.9,7.7,6.5,6.7,5.1,4.5,6.4,3.9
Carl Robinson,Female,19,2.8,6.8,9.6,5.4,2.5,5.7,1.3,3.0,8.5,8.4,7.4,4.4,2.8,8.5
Clifford Harrington,Female,68,3.0,9.3,3.6,9.6,1.8,9.7,7.2,3.8,1.4,3.7,2.2,7.8,6.7,7.0
Tommy Bennett,Female,23,6.5,2.3,6.8,1.3,2.8,2.7,6.7,3.3,6.8,4.1,2.1,8.1,2.5,4.4
Aaron Padilla,Male,36,1.8,5.2,6.5,3.4,9.9,8.0,8.7,5.2,6.9,9.1,3.6,6.6,2.1,7.5
Matthew Hogan,Male,20,5.3,4.9,5.8,3.8,6.2,5.0,7.9,1.0,8.9,4.4,2.3,2.4,5.7,7.8
Abbie Cannon,Female,43,5.0,1.5,9.7,6.7,7.7,8.0,9.5,1.0,5.5,7.5,9.7,2.2,6.4,5.9
Mark Peterson,Male,45,7.3,2.0,7.6,10.0,3.4,5.0,6.7,6.7,5.5,3.4,8.7,5.3,2.2,6.6
Josie Ryan,Male,64,8.9,8.4,7.9,8.0,6.1,5.1,5.5,7.3,3.0,2.6,4.6,7.6,9.0,5.5
Amy Ramos,Male,25,6.6,6.3,8.7,1.8,5.2,8.4,1.8,4.6,6.7,3.6,7.9,9.4,8.0,2.7
Lois Rodgers,Male,31,9.4,4.4,9.9,3.4,1.5,1.8,6.6,3.8,4.0,2.9,5.9,2.5,3.8,2.2
Maggie Lynch,Female,19,7.0,5.0,2.4,9.5,6.3,6.4,1.1,8.4,5.4,4.0,4.5,7.0,1.8,7.9
Troy Garcia,Female,56,7.0,5.1,1.3,1.4,6.1,8.3,1.5,9.4,5.3,6.4,2.8,9.2,3.7,1.7
Wesley Ramsey,Male,21,6.7,5.3,9.5,6.7,3.8,4.3,9.2,6.0,9.1,7.6,4.0,1.6,9.0,3.3
Frances Nelson,Male,54,3.6,9.5,5.8,4.8,8.5,3.1,5.6,3.5,1.6,3.3,1.9,5.0,2.4,8.5
Jimmy Clarke,Male,37,8.2,7.1,6.5,4.7,1.5,5.7,7.0,2.7,8.1,2.9,9.3,1.5,6.1,2.0
Mable King,Female,56,1.1,4.7,4.4,6.1,8.9,6.4,2.1,6.3,2.0,5.9,6.3,4.9,7.3,2.6
Lettie Rodriguez,Male,18,6.7,5.3,6.8,6.9,9.2,2.4,1.0,4.4,4.9,7.4,1.4,2.3,6.8,4.5
Ophelia Clark,Male,33,7.9,8.6,8.6,1.2,9.9,3.1,6.8,1.7,3.3,4.7,8.4,4.2,2.0,6.1
John Knight,Male,33,4.2,2.0,6.9,2.4,1.1,6.8,6.8,9.0,6.1,2.3,3.2,3.5,8.3,3.6
Luella Lynch,Female,31,3.7,3.2,4.9,4.7,8.3,6.7,8.9,4.3,7.8,4.4,5.9,6.7,5.9,1.8
Jeff Frazier,Male,35,6.4,3.0,9.2,5.9,1.1,3.5,5.9,2.8,7.8,1.3,2.1,5.6,7.6,1.7
Verna Robertson,Male,32,5.8,7.9,8.9,2.2,7.2,7.7,2.8,9.8,8.9,7.8,2.6,4.7,1.4,6.6
Mason Vasquez,Female,57,9.6,6.5,4.9,1.3,1.4,6.7,1.2,1.3,3.6,2.1,6.9,2.6,9.9,1.1
Erik Davidson,Male,39,2.9,8.8,6.7,9.0,2.3,8.1,3.7,6.1,4.1,8.8,5.1,9.0,3.5,7.4
Matthew Snyder,Male,38,7.8,9.2,8.5,8.5,4.1,1.4,5.8,8.2,8.4,1.8,6.6,3.8,1.3,4.9
Phoebe Soto,Male,32,3.7,2.9,4.5,2.6,2.6,1.2,8.6,6.5,8.8,4.7,1.3,6.9,9.4,3.2
Steve Porter,Female,45,3.9,3.3,2.0,7.0,3.1,6.3,5.5,4.4,3.2,4.7,9.2,4.6,1.6,8.1
Sean Anderson,Male,55,1.5,8.8,10.0,1.2,1.9,6.1,3.0,6.7,8.0,4.8,2.5,3.0,2.3,4.7
Maude Ball,Female,42,6.9,3.2,8.9,3.5,1.5,1.5,1.1,2.6,6.0,9.4,9.9,5.3,7.1,9.7
Lucy Cook,Male,29,6.8,7.3,6.0,5.8,3.3,4.0,4.5,4.6,9.6,3.5,5.6,4.7,9.6,9.2
Lawrence Collins,Female,17,8.9,5.5,9.6,1.3,1.9,5.1,8.9,7.7,9.4,1.2,4.2,1.0,3.2,8.9
Evan Banks,Female,22,1.8,5.8,2.7,4.8,9.2,2.8,7.0,2.6,9.9,1.6,3.6,5.9,6.2,7.7
Irene Bailey,Male,17,9.1,2.0,2.7,4.7,5.1,8.1,5.0,1.4,6.8,3.7,2.8,7.9,5.8,8.1
Essie Woods,Female,38,7.0,5.4,2.2,1.8,6.8,2.6,8.3,1.8,4.1,5.9,4.0,1.7,7.7,3.8
Georgie Townsend,Female,34,4.0,8.2,7.7,2.3,10.0,3.1,4.8,2.3,9.2,3.8,5.9,9.6,3.9,4.7
Harriett Owen,Male,24,2.5,8.5,3.2,2.1,2.9,7.0,9.5,8.7,9.3,6.4,3.4,5.8,7.9,6.1
Ethan McKenzie,Female,21,9.6,5.8,7.4,3.8,6.4,3.6,9.7,10.0,2.7,3.6,6.1,3.9,1.2,9.6
Joshua Stephens,Female,23,9.6,8.6,1.2,8.8,7.9,2.2,3.7,5.7,7.0,3.9,6.2,7.6,5.1,5.5
Ida Farmer,Female,47,6.9,3.3,2.9,4.8,2.5,9.0,9.2,7.9,2.0,9.2,6.4,1.6,1.3,6.3
Aaron Bowen,Male,26,1.8,7.2,4.7,5.9,10.0,9.2,6.4,3.1,5.6,5.3,5.5,3.9,3.0,8.5
Maria Romero,Female,26,8.6,7.0,7.3,5.3,3.9,2.5,7.3,8.7,9.4,7.7,2.1,10.0,6.8,7.1
Pauline Andrews,Female,20,1.4,4.4,9.7,6.0,8.6,4.0,5.8,8.8,8.0,4.2,3.3,6.1,7.5,2.7
Lillian McKenzie,Male,46,1.6,8.9,7.1,3.8,7.4,6.3,8.3,5.7,7.4,7.8,8.0,3.6,1.5,5.8
Harold Barber,Male,46,7.0,2.7,9.7,6.8,6.1,9.3,4.5,3.0,4.0,8.3,4.7,6.4,6.6,1.2
David Woods,Male,17,1.6,3.1,3.1,10.0,2.6,3.0,1.6,8.7,7.8,2.6,2.6,7.1,9.0,2.8
Brett Benson,Male,20,6.4,2.6,1.1,3.1,4.4,2.9,8.5,4.6,8.0,6.3,8.7,9.3,8.2,3.4
Jon Powell,Male,35,6.7,3.4,1.6,4.5,8.2,1.7,4.7,8.4,6.7,7.0,3.3,4.6,1.9,8.9
Dylan Bridges,Female,29,6.4,5.6,9.8,3.7,3.5,5.6,5.9,9.0,9.1,8.4,3.5,7.6,1.9,7.2
David Figueroa,Male,25,6.2,9.7,8.6,4.7,9.4,9.5,6.2,2.1,6.1,3.4,9.8,1.9,4.8,1.8
Bernice White,Female,31,6.7,5.1,2.7,3.8,5.9,4.5,7.6,9.4,8.0,3.7,9.8,8.1,1.2,1.1
Roxie Ball,Male,23,9.8,9.3,5.1,4.9,3.2,4.6,2.2,6.7,9.4,8.4,6.4,8.5,5.1,9.4
Viola Robbins,Male,25,5.4,4.7,5.0,3.0,9.3,6.5,4.5,4.1,9.1,6.5,9.6,7.9,6.0,8.4
Dora Evans,Female,47,4.5,7.6,6.2,9.1,9.9,7.4,2.5,4.0,5.2,3.1,3.1,7.1,9.8,6.8
Lucas Howell,Female,39,3.8,9.1,1.1,9.6,5.0,9.4,9.2,2.5,3.3,7.5,7.9,2.2,6.2,5.9
Kenneth Bass,Male,20,9.5,5.7,2.2,7.1,5.1,8.3,3.1,5.8,2.6,4.2,8.3,9.9,4.6,3.3
Bettie Rodriquez,Male,32,4.3,6.2,7.6,8.1,7.2,8.9,4.3,5.7,3.7,2.5,7.6,3.7,4.5,1.9
Sadie Hicks,Female,38,6.8,2.7,1.4,7.9,9.2,6.5,7.1,6.0,2.3,7.2,6.1,6.0,6.0,4.2
Ethel Barker,Female,55,2.0,8.8,6.8,4.2,2.5,6.9,6.6,4.0,6.1,2.9,3.5,2.4,2.7,1.1
Isaac Martin,Male,42,6.6,5.8,2.9,8.9,8.2,3.6,7.1,2.5,2.3,5.7,4.0,2.7,6.9,2.6
Millie George,Female,49,4.4,9.4,1.4,8.5,5.1,2.5,3.2,5.5,9.0,2.3,8.2,8.3,4.3,1.6
Hettie Thomas,Female,36,3.4,3.6,1.2,8.1,3.5,1.0,8.3,3.7,3.2,9.5,6.6,6.7,8.5,1.8
Edward Boone,Female,27,1.3,3.0,4.5,5.4,6.5,3.6,4.8,6.9,4.0,9.5,1.1,8.0,9.0,7.4
Kevin James,Female,33,4.1,8.1,7.9,8.7,2.8,6.5,5.6,3.1,2.4,9.7,5.6,1.9,3.8,3.7
Erik Jenkins,Female,21,3.1,4.6,1.9,5.0,7.0,5.4,2.6,6.1,9.9,9.9,1.3,1.2,9.4,9.0
Dora Wallace,Female,41,2.1,8.3,9.0,2.1,4.4,3.4,1.3,3.6,5.1,6.1,4.1,9.5,2.3,7.2
Hallie Logan,Male,45,5.8,1.6,4.0,8.5,5.7,5.4,6.2,1.5,7.0,9.1,4.7,3.8,9.3,6.0
Maggie Watts,Female,27,8.2,5.7,2.6,7.9,8.5,2.8,8.5,1.1,2.4,1.3,6.7,7.2,6.7,10.0
Max Massey,Female,35,5.9,4.6,2.8,7.1,7.8,9.8,1.2,8.7,7.3,8.5,3.8,2.4,8.4,4.1
Dean Brown,Female,35,1.5,9.8,9.8,4.5,7.6,6.2,2.8,9.1,8.1,4.4,9.4,6.1,3.4,4.1
Della McCarthy,Female,34,7.5,7.9,5.0,7.1,8.0,9.9,2.4,7.8,1.4,2.9,7.1,2.3,5.2,1.6
Edgar Cohen,Female,47,5.6,8.0,4.7,8.0,8.4,4.2,4.7,2.8,1.3,2.8,8.6,4.9,2.5,7.0
Chester Hunt,Male,53,1.0,2.5,2.9,9.1,6.6,1.9,2.8,6.2,2.6,8.5,1.5,7.6,5.4,1.8
Nelle Simpson,Female,22,9.5,9.5,8.2,8.0,8.9,1.5,6.2,2.9,2.2,3.8,3.8,1.0,9.1,8.4
Nicholas Salazar,Male,36,6.9,3.2,6.8,2.3,9.8,9.2,9.4,7.6,2.3,4.2,7.5,2.4,2.1,6.7
Irene Franklin,Female,24,8.2,8.7,4.8,5.7,8.3,7.3,9.5,8.6,5.2,3.8,9.3,7.8,7.3,3.2
Nellie Brady,Male,24,8.3,9.6,6.1,5.3,4.4,2.4,9.0,5.1,10.0,2.5,3.0,7.8,2.6,8.0
Ina Sanders,Male,17,4.7,6.1,5.6,6.1,9.4,2.3,9.2,1.6,8.5,3.8,8.2,4.1,9.1,7.5
Winifred Yates,Male,30,5.7,8.1,5.5,5.4,6.9,7.3,4.3,7.1,1.1,7.0,8.8,2.1,4.7,9.1
Teresa Spencer,Female,30,4.3,3.2,6.8,5.1,10.0,8.8,9.2,2.0,8.4,1.9,2.4,2.6,7.1,5.1
Madge McKinney,Female,44,8.6,5.6,2.8,3.5,4.2,6.1,9.5,6.6,9.5,7.4,7.0,9.4,1.3,5.3
Della Garcia,Male,21,1.8,3.0,3.4,7.8,4.9,5.1,8.6,5.4,8.7,8.9,2.8,7.5,1.3,7.2
Verna Fuller,Female,30,3.1,1.3,2.0,7.7,5.6,5.7,8.0,6.6,2.2,6.4,7.5,5.2,1.9,2.8
Donald Pierce,Female,26,4.7,2.5,9.9,8.5,7.5,2.4,5.6,3.0,6.3,7.0,2.7,6.5,1.6,6.6
Hattie Mann,Male,39,4.0,6.3,9.1,8.7,5.2,6.0,9.0,7.5,5.3,9.6,6.0,8.7,8.6,9.3
Ralph Hopkins,Male,31,1.4,8.3,9.9,3.2,5.2,5.0,8.5,9.7,6.2,4.8,9.9,7.8,9.7,9.9
Juan Mills,Male,54,5.5,3.6,4.2,4.9,9.9,5.3,8.7,5.1,1.1,1.8,4.3,3.4,9.5,8.3
Paul Rios,Male,37,4.9,6.2,5.0,3.0,1.5,4.9,5.6,7.4,6.3,9.5,4.2,9.1,5.3,2.1
Beulah Gross,Male,28,1.2,8.8,6.5,1.0,4.5,4.2,8.6,3.6,3.4,5.0,9.4,7.1,3.3,1.8
Lucinda Moreno,Male,35,6.7,2.9,9.1,7.1,3.3,5.4,5.6,9.5,6.8,5.4,3.8,7.8,4.0,6.4
Arthur Rice,Male,27,5.6,4.1,5.4,7.6,2.9,3.0,5.7,1.2,3.8,8.8,9.3,9.4,3.9,2.1
Marguerite Diaz,Male,37,2.7,1.7,1.6,7.7,4.6,6.5,1.6,3.2,8.2,6.3,7.8,2.5,9.4,5.2
Adelaide Norton,Female,58,9.6,6.9,8.7,1.8,4.9,4.8,9.1,6.5,5.1,3.1,6.8,5.9,2.7,5.4
Landon Wilkerson,Male,18,9.5,9.7,3.0,8.7,5.8,8.5,5.3,6.7,5.8,3.3,2.0,4.0,7.3,7.1
Jeremiah Anderson,Male,49,4.6,3.6,2.5,9.8,6.8,9.0,3.2,5.4,10.0,4.1,9.5,4.3,5.3,5.6
Carlos Phelps,Male,16,5.4,8.1,3.9,8.5,2.4,1.5,5.6,2.6,1.2,7.4,9.4,5.7,7.3,6.4
Virgie Allen,Male,27,8.3,8.5,2.0,1.9,5.2,6.3,4.6,4.4,8.1,9.5,3.7,5.8,6.1,2.0
Cole Morris,Male,37,8.6,3.9,7.8,3.8,4.1,6.6,5.0,5.1,5.8,7.0,9.5,6.2,2.5,3.7
Alvin Perez,Male,17,8.3,8.9,6.9,6.8,7.1,3.0,6.8,4.2,1.2,2.5,6.3,8.9,8.3,6.4
Theresa Jordan,Female,47,1.3,3.9,9.4,6.8,4.0,4.8,8.2,4.6,6.7,4.3,1.7,7.4,4.6,2.4
Sylvia Long,Male,39,4.9,4.9,3.0,2.8,3.8,2.9,1.1,7.2,5.5,3.4,1.7,4.8,4.5,4.4
Lawrence Henry,Male,56,4.0,7.7,9.8,3.3,5.0,5.0,5.9,8.0,4.4,9.6,5.1,1.8,1.3,3.4
Craig Delgado,Male,18,4.0,2.0,2.0,3.7,1.3,5.7,6.9,9.8,6.0,7.8,7.0,1.6,4.2,6.5
Charles Schwartz,Female,20,6.6,7.0,7.1,1.9,7.9,8.7,6.6,2.6,9.3,6.4,5.6,2.6,3.0,7.2
Barbara Young,Female,23,2.3,5.5,7.1,1.7,6.1,5.7,5.0,8.9,3.6,1.8,2.9,4.9,7.1,4.4
Genevieve White,Female,36,4.2,3.5,7.1,5.7,2.2,4.2,4.9,2.8,1.1,6.0,7.3,5.3,3.3,3.8
Roger Diaz,Female,35,3.9,1.2,5.8,8.6,1.8,2.7,6.6,7.4,4.8,4.7,6.7,2.2,7.5,6.0
Jesus Johnston,Female,36,2.0,4.5,6.2,9.9,5.9,9.4,1.4,3.5,8.7,8.7,8.6,5.5,3.4,1.9
Cameron Sullivan,Female,42,9.8,3.4,1.8,8.8,7.0,7.3,6.5,1.6,6.9,3.5,8.0,7.2,3.2,1.1
Jane French,Female,38,8.5,2.3,5.7,1.0,5.0,5.2,3.5,9.1,7.3,4.9,5.2,4.4,9.0,2.9
Lilly Freeman,Male,28,1.8,7.3,8.5,5.1,9.0,9.3,9.0,3.1,10.0,4.5,1.2,7.6,5.1,1.4
Raymond Sanders,Male,47,3.9,5.2,8.8,2.2,1.1,1.6,4.8,5.7,6.6,7.3,6.9,7.4,5.5,2.8
Elnora Powell,Male,52,7.0,3.7,6.3,5.9,6.0,5.4,3.7,4.4,4.2,2.4,9.6,6.1,4.1,3.0
Corey Warren,Male,24,6.9,8.1,3.3,6.3,9.5,8.1,8.9,9.8,3.6,9.6,2.8,3.3,5.3,4.1
Rosalie Alvarez,Female,36,3.1,5.7,2.4,1.2,5.7,9.4,4.8,4.7,3.3,8.0,1.4,8.6,3.0,3.6
Chad Waters,Female,28,6.2,8.0,7.5,2.2,3.6,8.0,9.1,1.2,9.4,4.2,1.4,6.8,8.0,8.7
Ada Goodman,Female,18,3.1,9.8,5.3,3.2,2.2,2.9,1.7,3.4,1.7,6.1,6.9,4.6,3.5,6.4
Martha Soto,Female,19,5.6,3.0,1.3,1.6,6.3,1.6,5.7,8.8,4.9,3.2,5.4,8.7,3.1,1.1
Winifred Jacobs,Male,33,8.8,3.1,7.1,3.0,5.3,7.3,3.7,4.9,3.1,3.0,3.0,8.2,8.8,3.5
Estella Swanson,Female,24,9.0,3.9,5.1,3.4,6.5,6.4,3.8,5.7,4.1,2.4,7.7,3.6,3.2,2.3
Irene Bishop,Male,65,6.2,2.6,7.9,4.4,3.2,1.8,9.7,1.8,6.2,7.4,5.4,6.1,8.1,6.7
Shawn Hudson,Female,30,1.4,9.8,7.6,7.6,4.8,7.3,1.6,4.2,1.6,6.4,4.9,5.7,4.7,5.2
Ola Fuller,Male,36,2.7,2.4,2.7,7.8,6.3,9.1,6.4,1.3,4.6,7.4,3.3,2.3,9.3,9.2
Edith Byrd,Male,29,1.7,2.5,7.3,1.1,2.6,1.8,2.0,8.5,5.2,8.5,3.9,3.7,7.1,6.2
Patrick Singleton,Male,41,5.5,6.1,6.1,2.3,7.5,2.0,8.4,7.1,8.4,7.5,10.0,5.6,3.8,5.0
Edward Garner,Male,54,8.0,2.6,4.1,5.0,4.9,5.3,5.1,8.5,7.4,7.3,1.7,7.4,6.2,1.1
Effie Brown,Female,31,9.5,2.6,8.2,6.3,5.9,6.6,6.5,8.4,6.6,4.7,2.2,1.2,3.6,9.5
Johnny Patton,Female,69,6.7,7.8,1.6,5.5,2.4,3.3,8.5,1.6,3.5,9.5,3.9,7.7,6.1,10.0
Ernest Francis,Female,53,6.3,5.5,1.9,7.5,3.2,7.2,5.9,9.8,7.0,4.0,9.7,3.3,4.3,2.5
Nancy Frazier,Female,39,9.9,8.6,2.9,1.1,1.8,6.8,6.2,6.3,5.4,7.4,10.0,1.7,1.1,3.8
Curtis Bass,Female,20,4.0,4.7,2.3,3.6,3.3,3.1,6.4,3.5,3.0,5.6,6.6,1.5,5.1,3.7
Nora Roberts,Female,69,1.0,9.0,3.8,9.7,7.8,7.7,8.8,9.2,7.2,8.4,8.9,6.2,3.3,7.3
Ellen Craig,Male,29,5.8,9.0,8.5,2.6,2.5,5.7,4.8,2.7,9.7,6.7,4.9,5.6,7.3,9.0
Ernest Murray,Female,36,2.4,1.5,2.9,5.4,8.8,6.1,4.7,5.0,6.8,5.5,9.4,2.1,6.7,1.8
Frances Robertson,Male,27,8.1,3.6,4.1,9.5,7.7,2.9,8.6,3.8,5.4,9.7,4.0,7.1,8.3,4.7
Bryan Burke,Female,46,2.9,5.3,4.8,5.2,6.4,7.0,4.7,5.1,6.4,5.1,6.5,2.7,5.8,6.0
Blake Chavez,Female,49,6.8,5.2,4.3,2.8,9.6,7.4,1.5,1.8,3.6,4.7,5.1,1.4,4.7,9.6
Lucile Cruz,Female,31,5.4,4.7,3.0,9.8,9.1,6.9,6.5,8.2,8.9,5.4,9.8,6.3,6.9,7.2
Loretta Higgins,Female,20,4.4,6.9,9.7,9.7,8.5,9.5,6.6,5.7,4.6,7.8,9.1,9.7,3.7,9.3
Edwin Wong,Male,22,5.8,8.5,1.2,8.3,3.9,9.1,1.7,1.2,5.6,4.0,4.4,3.3,7.6,1.6
Lillian Dennis,Female,30,4.2,7.4,5.3,2.6,5.0,1.9,9.1,2.7,9.1,8.5,2.3,4.0,6.6,4.8
Clayton Moore,Male,34,1.2,9.7,1.1,7.3,5.0,9.2,6.1,1.1,1.6,3.9,5.7,9.2,2.4,9.8
Emilie Mullins,Female,45,3.5,6.0,2.6,9.3,9.7,3.2,2.8,1.6,4.9,6.7,6.6,8.9,7.7,7.3
Stanley Mitchell,Male,26,3.4,4.1,4.6,2.0,3.0,5.3,7.7,5.8,5.0,1.7,4.8,3.8,8.3,9.6
Ola Jacobs,Male,34,7.4,9.2,6.3,3.3,4.8,2.0,9.7,1.7,4.3,4.1,3.3,6.4,9.5,7.9
Blanche Hammond,Female,33,6.4,8.1,4.6,1.7,1.1,2.5,1.6,4.6,5.6,3.9,6.4,5.2,2.9,6.7
Alan Leonard,Female,16,7.8,9.8,9.4,8.3,1.1,10.0,6.5,8.6,2.6,7.6,9.1,6.2,8.0,8.7
Marcus Lamb,Male,65,7.5,9.2,2.4,6.1,1.9,9.4,8.6,4.3,7.4,1.5,5.6,3.6,4.4,2.8
Tony Porter,Male,59,7.9,6.7,2.1,3.7,9.0,6.1,1.8,1.1,7.7,9.6,6.3,3.6,6.4,1.5
Mabel Soto,Male,41,3.5,4.9,6.3,2.3,1.1,1.8,4.5,1.3,9.7,9.1,3.3,9.5,5.5,7.5
Julian Hampton,Male,48,7.4,8.5,4.1,4.2,2.9,8.2,3.5,3.0,1.5,5.0,1.9,7.2,4.2,2.6
Estelle Obrien,Female,22,4.7,9.7,3.1,1.8,9.5,6.0,7.8,8.5,9.4,4.9,8.4,9.8,2.9,6.7
Norman Reed,Female,48,8.9,4.2,6.3,2.7,4.8,8.3,9.8,3.8,6.2,6.8,1.8,6.1,4.2,1.7
Myrtie Hale,Female,69,5.9,8.1,9.2,6.6,1.6,7.0,9.4,2.8,9.9,9.2,4.9,3.5,8.2,2.7
Bess Warner,Female,61,5.2,9.6,2.3,1.7,6.3,3.3,4.5,8.2,2.1,1.8,6.1,4.5,3.1,8.9
Gregory Houston,Male,19,2.2,3.5,2.7,3.1,6.8,1.9,6.5,9.8,1.4,6.9,3.5,2.3,5.0,6.3
Marvin Romero,Male,17,7.9,9.9,4.6,4.0,4.9,4.6,9.2,2.5,10.0,2.0,5.7,9.7,5.3,2.4
Leila King,Female,20,1.5,1.0,5.3,1.8,6.8,4.5,6.8,8.2,2.2,6.7,3.3,5.3,1.3,2.8
Nathaniel Taylor,Male,66,1.2,8.7,9.5,5.6,7.5,9.3,8.2,6.6,4.9,6.0,8.2,4.3,8.5,1.5
Catherine White,Female,40,8.2,7.4,1.2,5.5,5.0,9.8,5.2,7.5,2.8,3.5,9.4,8.3,2.3,3.6
Katherine Sanchez,Male,27,3.9,9.8,5.9,4.9,6.6,4.4,3.5,3.7,9.3,7.1,2.3,4.9,4.5,1.5
Sophie Floyd,Male,40,8.7,2.8,9.1,8.7,3.9,6.0,9.5,5.1,4.2,6.9,6.6,2.2,2.9,1.1
Justin Bush,Male,39,7.3,8.1,6.4,5.3,2.8,5.4,3.1,1.6,5.9,3.4,9.0,7.7,4.9,8.1
Lela Rodriguez,Male,23,2.1,4.9,5.2,2.1,7.0,2.0,6.6,4.1,6.0,5.4,4.1,6.4,5.1,8.7
Dominic Riley,Female,64,1.2,7.7,3.9,5.0,4.4,8.9,5.5,9.7,6.2,6.2,7.0,9.5,4.8,1.7
Ethan Phelps,Female,58,8.9,1.3,8.3,2.1,3.9,6.0,2.6,2.5,7.0,3.3,5.5,4.2,6.2,6.0
Alan Barnett,Female,19,3.5,9.3,5.3,7.3,9.2,2.6,8.5,9.6,5.7,2.6,4.5,7.5,4.3,3.1
Brian Brock,Male,26,6.4,5.1,6.6,7.4,9.0,5.0,9.5,5.6,7.7,5.0,7.3,8.1,1.3,8.3
Raymond Atkins,Male,22,2.9,7.2,3.7,4.2,5.2,7.6,5.8,8.1,5.5,2.4,6.8,4.6,8.5,1.3
Amelia McBride,Female,56,7.3,9.5,1.6,2.6,10.0,9.2,9.6,4.3,6.8,5.0,7.8,5.4,5.5,6.4
George Murphy,Male,34,4.1,3.0,7.1,1.6,1.5,9.7,5.2,6.9,7.7,9.2,2.4,8.6,5.3,6.0
Kevin Buchanan,Female,17,4.9,2.3,7.7,3.8,4.5,8.8,7.1,3.6,7.7,3.4,8.8,6.9,3.0,3.1
Luis Park,Female,38,8.5,6.1,2.5,8.5,6.1,4.5,6.9,5.9,3.7,2.7,7.7,8.8,1.6,5.0
Dorothy Daniels,Female,32,9.1,4.4,3.6,3.8,8.6,5.6,3.8,9.8,4.3,5.0,4.8,3.8,1.6,1.9
Jackson Boone,Male,20,9.4,7.5,9.4,2.0,8.5,1.3,7.0,1.6,3.4,6.5,3.7,5.4,9.1,1.7
Lida Dennis,Male,43,8.1,3.5,4.9,5.8,5.5,9.8,8.8,4.6,7.9,2.4,2.6,4.1,4.0,8.3
Harvey Webb,Male,26,7.6,5.1,7.4,9.9,4.5,9.9,2.4,6.0,5.6,9.8,4.9,4.3,5.7,6.1
Jorge Jacobs,Female,18,1.4,5.4,6.2,8.4,8.4,7.0,6.7,5.9,9.6,8.9,9.4,9.9,6.6,2.7
Blake Graves,Female,40,9.4,3.2,7.4,4.5,10.0,5.0,4.6,4.4,8.7,8.9,3.6,5.3,7.6,7.8
Antonio Osborne,Male,16,3.8,7.0,8.5,5.1,9.0,9.9,9.9,7.2,3.2,5.3,3.2,8.3,8.6,2.9
Patrick Doyle,Female,23,2.5,2.7,5.1,5.3,8.6,4.2,3.6,9.1,6.3,8.7,6.2,2.1,5.9,5.3
Francisco Griffith,Male,52,5.3,3.8,5.9,2.9,3.2,5.7,5.2,8.9,2.0,2.4,9.7,5.7,9.8,1.5
Isabel Walters,Female,35,6.8,8.4,2.6,1.3,6.1,5.0,5.5,4.9,8.0,6.3,3.5,9.4,6.3,9.8
Juan Turner,Female,23,8.6,8.6,9.8,3.4,5.9,6.6,6.8,2.4,6.7,7.4,4.2,7.4,9.2,3.9
Isabel Schmidt,Male,39,2.4,9.5,4.7,6.9,1.4,9.0,1.9,9.3,8.8,7.6,2.6,2.4,7.1,7.5
Steven Soto,Male,40,4.2,9.9,4.8,7.0,5.1,9.8,4.8,8.5,2.8,8.9,4.3,2.1,9.9,4.9
Polly Morgan,Female,29,7.1,8.3,6.1,3.0,8.4,3.5,7.1,1.7,3.5,8.7,9.6,4.4,7.8,2.1
Keith Griffin,Male,69,3.5,5.0,6.1,9.9,6.1,6.9,1.4,6.8,4.9,8.2,3.7,1.5,6.9,4.0
Bobby Fernandez,Male,29,1.3,8.6,2.9,6.8,6.6,7.6,8.4,7.0,7.0,5.7,7.5,3.3,10.0,6.9
Thomas Guerrero,Female,34,2.1,9.7,6.2,2.2,4.7,7.8,6.8,9.2,2.9,1.6,5.7,8.9,5.1,4.3
Glenn Mendez,Male,35,1.1,1.9,2.9,4.8,7.0,8.5,3.5,3.6,2.8,3.9,9.6,9.8,5.0,5.7
Cecilia Byrd,Male,26,2.7,3.3,1.8,5.6,6.0,4.7,8.1,5.1,5.7,9.0,9.1,2.7,8.7,9.6
Betty Ross,Male,35,3.2,8.2,6.1,7.8,9.6,6.9,5.5,4.8,3.3,3.0,1.5,5.5,8.8,7.0
Connor Harmon,Female,35,9.5,6.2,3.4,7.3,2.3,4.3,8.1,1.9,3.7,7.8,9.9,5.9,2.4,8.3
Johnny Hampton,Male,32,6.0,7.9,1.1,2.2,4.6,7.3,3.4,5.2,2.8,2.3,8.7,5.7,9.4,9.4
Ada Cummings,Male,48,7.4,8.0,8.0,6.5,6.8,2.6,5.1,6.5,5.5,3.1,1.5,5.0,5.1,9.4
Chad Hopkins,Male,47,4.2,5.8,8.2,7.1,9.6,1.7,1.7,6.4,4.2,9.2,2.7,1.8,8.1,9.2
Ricardo Duncan,Female,55,2.5,2.5,8.3,1.3,7.1,5.9,4.8,9.8,9.5,6.3,3.2,2.0,1.1,8.4
Anne Matthews,Female,24,9.0,3.8,6.5,5.2,5.2,2.6,9.9,2.2,7.7,8.7,5.8,4.4,3.0,4.0
Alan Ortiz,Female,31,2.7,8.1,1.8,7.6,9.2,8.4,5.3,4.2,9.4,5.7,2.1,5.0,5.8,9.5
Dustin Ramirez,Female,23,4.2,2.5,6.9,7.1,1.4,6.3,7.4,5.0,3.3,9.2,9.1,2.5,6.5,5.8
Mable Vega,Female,49,9.2,4.7,3.0,2.4,6.6,4.5,9.9,3.8,6.4,2.4,8.5,1.6,2.4,7.5
Virginia McKinney,Male,43,2.5,3.3,3.9,2.0,2.0,1.5,9.8,7.8,7.5,8.9,8.6,2.1,4.8,7.9
Brett Howell,Male,34,10.0,6.5,5.8,7.5,3.7,3.5,4.0,2.8,7.7,9.5,1.5,1.2,3.2,3.3
Howard Saunders,Female,28,7.6,2.0,5.3,9.5,9.6,2.7,4.7,9.0,1.0,8.1,5.9,3.8,5.8,1.3
Vincent Chandler,Female,41,2.4,4.9,9.0,3.6,8.9,7.4,1.9,3.5,3.0,7.7,8.7,5.5,3.8,8.7
George Nelson,Male,24,1.6,9.4,6.9,3.9,3.8,6.1,8.4,2.9,8.6,8.5,3.0,2.4,4.8,9.3
Georgie Becker,Male,39,5.6,1.8,6.4,1.9,5.8,8.3,5.8,8.0,4.8,5.5,2.2,9.5,7.6,7.3
James Houston,Female,32,1.6,6.3,2.3,4.2,6.5,8.3,1.8,9.9,8.8,5.5,7.9,3.0,3.1,3.1
Amy Spencer,Male,17,5.2,7.4,2.6,1.1,4.2,3.0,5.6,6.8,7.7,7.1,4.8,2.5,6.9,3.1
Ricardo Dennis,Male,29,3.1,9.1,4.2,5.1,9.4,2.2,5.5,1.2,1.4,7.6,4.6,4.7,6.8,6.9
Floyd Weaver,Female,25,4.5,6.9,9.9,7.1,2.6,1.6,8.0,6.3,6.7,9.1,9.2,7.6,6.6,8.0
Lucinda Davis,Female,29,3.0,5.6,1.1,8.6,1.7,1.6,3.1,4.3,8.7,1.9,5.7,4.7,9.1,8.2
David Martin,Male,16,5.6,7.8,6.5,3.0,9.8,3.3,5.5,6.2,9.5,9.2,9.3,1.1,7.6,5.2
Martha Oliver,Male,31,5.8,8.1,7.2,5.3,8.7,8.5,5.5,3.0,2.0,7.0,5.7,4.7,1.5,6.6
Christopher Graham,Male,54,5.8,6.5,7.0,3.6,3.7,3.3,4.5,5.4,1.8,4.7,1.6,7.0,3.1,9.7
Ruth Harmon,Male,17,4.6,7.4,5.0,1.1,1.8,5.0,1.9,7.2,7.0,5.1,1.7,8.8,2.0,2.7
Theodore Powell,Male,57,8.9,3.3,8.5,3.3,3.3,1.6,4.7,6.5,5.8,9.2,2.5,3.1,5.0,4.1
Thomas Erickson,Female,51,4.7,9.3,1.9,6.6,6.9,5.8,6.4,6.1,6.2,3.9,6.5,2.8,2.6,4.9
Irene Franklin,Male,21,5.4,2.6,7.9,7.0,8.9,2.4,3.6,7.5,2.8,9.7,5.3,9.0,9.2,2.4
Donald Ford,Female,36,7.9,2.8,3.4,9.6,6.0,4.2,7.4,3.7,7.8,8.4,9.1,9.0,9.1,4.8
Sara Bryant,Female,26,8.8,9.9,7.3,3.4,3.0,6.7,1.6,9.8,2.2,5.6,9.7,4.8,5.2,4.3
Ruth Washington,Male,37,4.5,9.3,5.7,10.0,6.2,9.6,8.3,5.6,5.4,10.0,7.5,9.4,1.9,6.1
Nicholas Brewer,Male,37,7.5,6.5,9.2,3.7,1.6,2.8,8.7,2.1,4.9,6.5,8.4,7.1,7.5,9.6
Thomas Alexander,Female,40,4.6,3.1,2.0,3.7,4.4,4.3,6.3,2.0,8.9,9.4,2.4,5.0,5.0,3.1
Joe Garner,Female,52,7.0,2.7,4.9,8.2,8.9,6.1,1.6,6.8,8.4,7.4,7.4,8.3,7.3,4.0
Marian Cohen,Female,32,7.1,9.2,2.9,3.9,5.6,6.8,9.7,2.4,6.6,3.7,9.9,4.5,3.9,8.8
Cameron Chambers,Female,48,7.6,7.9,2.6,4.2,6.3,5.1,3.5,1.8,7.2,4.4,3.7,2.0,1.8,2.2
Lilly Ford,Male,60,1.2,7.3,6.7,9.2,9.3,2.1,7.4,1.4,1.6,6.7,2.8,9.7,4.6,4.2
Francisco Cobb,Male,22,8.0,9.7,8.5,8.6,1.6,6.9,3.5,4.9,3.6,3.7,8.0,5.9,7.6,5.0
Lizzie Floyd,Male,21,8.2,3.5,6.0,3.1,4.2,9.0,8.6,8.0,3.6,7.6,4.7,4.5,8.1,1.1
Alejandro Washington,Female,20,9.1,9.5,1.1,3.6,8.5,7.0,2.0,7.8,1.8,8.7,7.0,2.9,1.8,5.0
Violet Herrera,Female,52,8.8,6.8,4.9,2.0,9.0,8.2,1.5,2.5,6.9,6.5,6.9,6.9,7.4,2.2
Rosie Ingram,Female,20,1.6,2.5,1.9,6.9,4.4,5.3,6.6,7.1,2.1,5.0,1.4,5.0,8.2,9.0
Antonio Little,Male,41,4.8,2.2,8.6,4.2,4.1,2.8,2.8,5.1,6.0,1.9,1.3,1.0,3.4,6.3
Evelyn Nguyen,Male,26,1.5,7.2,5.9,2.7,5.7,2.7,1.8,1.7,8.2,6.3,8.6,9.4,1.2,3.9
Milton Becker,Male,32,6.9,4.5,1.8,3.4,6.5,6.2,8.0,5.6,5.5,4.7,7.3,6.9,3.2,4.0
Lettie Payne,Female,29,4.7,9.4,5.5,6.0,3.7,3.1,7.7,4.4,8.4,9.8,7.0,7.3,9.5,3.5
Tom Baker,Male,57,8.3,5.6,9.2,6.7,8.2,4.0,1.7,5.1,4.0,9.3,6.6,7.4,7.4,2.6
Winifred Sanchez,Female,39,4.0,1.8,5.4,8.4,7.7,5.9,4.9,3.7,7.1,2.8,9.2,3.1,9.2,3.8
Hunter Graham,Male,20,7.6,4.6,4.2,3.4,8.4,7.2,7.3,1.2,7.3,2.2,7.1,5.3,3.3,7.3
Ralph Dennis,Male,27,6.6,2.1,8.3,9.6,9.9,9.2,2.3,2.4,2.8,5.3,5.8,8.5,3.2,2.0
Ralph Weaver,Female,28,6.1,5.4,8.4,6.2,6.0,9.1,2.4,6.3,7.8,2.1,6.3,5.7,3.4,1.8
Maude Sandoval,Female,18,2.4,9.0,8.7,4.8,2.0,2.5,2.6,2.4,3.8,9.1,6.3,2.7,2.4,8.3
Craig Payne,Female,41,9.6,7.3,2.4,7.2,6.3,5.3,6.0,1.8,7.5,4.2,5.9,3.4,7.4,2.9
Rachel Guerrero,Female,36,1.9,7.1,3.2,1.2,2.1,9.1,1.2,6.0,4.7,7.3,7.4,2.6,1.6,1.6
Don Patrick,Male,22,7.7,4.1,7.1,7.2,6.5,7.7,5.6,8.1,9.0,1.7,6.5,5.5,8.5,6.4
Francis Saunders,Male,28,4.8,7.4,4.1,3.3,1.5,4.9,1.0,2.2,8.2,1.8,3.5,4.8,3.4,1.2
Jennie Marsh,Male,49,3.9,4.1,1.2,1.8,2.8,2.8,8.9,2.2,5.8,3.5,4.8,3.8,8.1,6.1
Ola Barber,Female,31,9.0,2.1,5.5,8.5,2.7,6.8,9.0,9.6,6.9,4.2,5.4,6.4,2.7,9.5
Lizzie Perkins,Female,59,1.4,3.1,2.2,8.5,7.2,5.2,4.9,3.6,2.5,5.8,6.4,2.3,3.1,9.9
Olivia Poole,Male,29,9.3,2.6,6.1,2.8,1.6,3.5,4.7,9.5,8.1,7.6,4.0,3.8,5.6,9.8
Isabella Rhodes,Female,27,6.3,3.9,6.1,7.1,2.5,3.9,3.3,2.9,4.4,4.8,4.5,9.9,1.2,8.2
Alex Quinn,Female,30,1.8,3.8,1.4,1.8,8.5,5.4,1.1,9.2,8.4,5.8,6.4,8.5,2.9,4.3
Logan Fisher,Female,34,7.7,8.6,6.6,3.0,7.1,4.0,8.7,1.0,1.3,3.8,7.6,9.9,5.9,9.1
Angel Duncan,Female,34,9.6,1.6,9.8,9.1,2.8,2.9,1.7,2.2,6.3,2.2,5.3,2.9,5.5,4.6
Marcus Watts,Male,24,7.8,4.4,4.1,1.1,8.1,1.7,6.4,6.5,7.5,5.0,5.6,9.4,1.3,9.6
Lawrence Ballard,Male,31,2.1,8.6,5.2,8.2,6.7,6.7,7.0,4.6,4.7,8.6,7.4,2.0,6.2,1.8
Anne Sutton,Female,21,5.1,2.9,8.2,4.6,5.2,8.7,5.4,7.2,5.0,3.4,2.8,7.2,6.0,3.8
Logan Stanley,Male,36,9.7,2.2,2.7,4.6,5.7,3.3,6.5,1.6,6.0,4.9,6.4,1.3,4.4,4.2
Hulda Phillips,Male,18,4.3,4.6,7.8,6.7,9.8,9.3,6.5,1.5,4.6,5.0,8.9,2.3,1.2,8.0
Augusta Bass,Female,38,2.0,3.9,8.0,3.4,4.6,3.2,6.5,9.3,6.8,1.2,8.9,5.5,1.8,7.5
Carlos Griffin,Female,24,8.3,3.6,7.3,1.5,4.6,8.4,4.5,2.4,2.4,6.4,4.9,1.1,2.8,6.1
Callie Hardy,Female,45,4.0,4.3,1.5,1.1,4.3,4.8,4.7,8.0,8.1,5.6,7.6,8.8,7.6,8.3
Rosalie Stewart,Female,31,2.0,1.8,1.3,3.9,7.6,2.6,4.1,4.4,10.0,3.9,7.9,9.7,9.1,7.9
Myrtie Green,Male,33,1.7,6.6,4.2,2.0,8.6,4.2,2.7,6.4,1.1,8.3,4.7,3.9,8.3,3.5
Glenn Holland,Female,20,3.8,1.3,2.0,9.6,5.4,3.5,4.5,8.8,9.2,1.0,5.3,5.7,3.6,7.6
Cora Henry,Male,23,8.9,1.3,2.3,6.5,4.3,8.5,9.7,2.0,5.7,6.6,8.0,5.7,7.7,6.4
Sophie Diaz,Female,33,2.2,5.4,5.0,10.0,6.6,2.8,6.5,9.9,2.0,8.1,7.7,4.7,2.1,2.4
Isabelle Hunt,Male,22,9.5,6.3,5.4,5.7,1.7,1.8,4.3,8.5,6.8,3.8,9.5,4.7,4.9,1.6
Bradley Woods,Male,24,5.3,7.7,9.1,5.0,4.6,3.2,6.6,7.3,6.9,10.0,6.0,1.3,6.1,5.4
Scott Harmon,Male,32,1.6,9.4,4.1,5.0,1.8,3.5,4.6,4.9,7.0,2.2,8.6,4.1,8.6,7.0
Jon Franklin,Female,20,3.6,2.5,8.5,6.1,6.0,1.8,3.6,4.5,1.3,7.2,6.2,4.4,6.3,2.5
Philip Roy,Male,23,4.5,2.7,9.8,2.7,6.1,4.8,5.7,9.6,2.7,6.3,7.4,1.8,3.8,4.6
Alice Morris,Male,18,3.7,6.9,9.0,4.6,8.1,8.7,5.5,1.1,7.7,1.1,9.9,2.3,7.8,2.9
Marie Marsh,Female,23,7.7,7.0,8.9,6.6,6.3,1.3,8.7,7.1,9.6,2.7,8.2,7.3,10.0,7.9
Leo Jimenez,Male,17,5.7,8.9,3.6,8.9,9.4,3.2,2.2,3.1,8.2,3.4,5.2,2.2,2.4,2.4
Sue Howard,Male,48,6.9,6.3,1.7,9.7,6.0,9.3,9.8,2.9,3.7,6.6,7.8,4.5,3.4,6.2
Gabriel Zimmerman,Female,20,6.0,8.7,2.1,8.4,4.5,8.9,6.0,5.0,5.0,9.2,8.0,3.6,5.7,2.6
Alexander Hampton,Male,30,9.4,2.9,6.0,1.8,4.8,5.7,9.2,7.5,8.9,2.8,2.0,5.0,7.5,8.6
Evan West,Female,41,6.9,2.9,8.5,2.1,2.6,5.9,6.2,7.0,3.9,2.3,3.1,3.6,7.2,4.5
Mathilda Bennett,Female,31,4.9,6.1,4.6,4.2,2.5,3.1,1.4,6.1,4.9,3.5,4.6,6.2,6.4,3.7
Susan Williams,Female,41,6.6,8.9,6.7,9.8,7.7,3.3,8.0,9.5,5.1,1.9,1.2,9.4,3.0,9.0
Jennie Walters,Female,29,1.4,5.3,4.1,3.0,4.5,6.9,2.6,9.7,2.2,8.7,5.8,9.7,3.1,6.8
Derrick Jenkins,Female,46,5.0,5.6,6.3,9.1,7.0,7.3,5.8,2.2,1.9,6.0,5.6,4.2,8.4,8.3
Claudia Garza,Female,37,9.7,5.4,4.7,9.3,2.9,6.4,1.2,5.6,3.2,5.1,3.7,3.0,2.5,7.1
Adeline Nash,Male,45,3.0,7.9,1.7,6.4,1.1,1.5,4.7,5.4,9.8,6.1,5.3,2.1,1.8,9.0
Ian Robertson,Female,46,6.6,2.9,7.0,3.8,9.6,8.3,3.3,9.1,9.3,5.6,8.5,9.7,6.6,4.9
Justin Banks,Male,34,3.6,8.1,8.5,2.5,8.0,6.5,8.5,8.4,3.2,9.6,1.5,9.5,3.4,7.7
Mable Cole,Male,36,4.0,5.6,4.8,2.1,1.3,2.5,7.8,1.8,4.7,1.3,3.8,4.4,8.8,9.3
Jean Lindsey,Male,21,6.3,9.5,9.0,4.7,5.8,7.9,1.6,6.1,1.2,6.5,4.5,7.4,6.7,9.0
Steven Lowe,Male,17,4.5,9.3,8.8,9.2,4.5,8.4,4.1,1.8,5.1,10.0,1.1,6.2,3.5,5.3
Chad Willis,Female,34,7.6,3.6,7.2,9.6,5.4,8.4,4.7,8.4,3.2,1.8,2.4,7.0,3.1,6.3
Hettie Craig,Male,27,9.2,5.8,2.5,6.6,4.6,9.2,7.4,2.0,8.2,6.9,8.1,4.5,1.1,5.5
Barry Hogan,Male,24,7.8,7.8,6.6,1.6,7.3,9.6,6.1,1.7,8.8,8.9,9.2,1.3,6.6,2.3
Minnie Walton,Female,37,1.1,7.5,2.1,4.6,5.2,4.2,6.4,8.0,5.9,5.3,2.0,6.0,7.3,3.7
Angel Saunders,Male,21,8.0,1.7,2.4,4.6,2.8,6.0,8.8,6.4,3.8,8.5,4.2,7.6,6.3,3.1
Cecelia Bryan,Male,21,4.1,6.5,2.5,4.6,7.1,6.0,2.4,4.1,8.2,3.8,7.2,6.9,1.1,2.7
Clara Walker,Female,61,5.7,6.6,2.3,2.4,5.5,1.8,3.5,5.5,3.5,8.9,4.4,1.7,6.7,8.9
Marc Howard,Female,17,6.8,7.9,9.0,7.1,7.4,3.5,7.5,3.8,2.4,8.2,4.3,5.7,3.7,6.6
Mayme Cobb,Male,21,5.4,6.7,2.3,9.0,2.5,8.6,6.8,3.8,5.9,2.9,6.9,6.0,4.2,4.2
Chase Ballard,Female,47,9.1,5.4,7.8,8.6,7.0,3.4,9.9,1.7,4.0,7.2,5.0,9.8,6.2,1.0
Birdie Montgomery,Male,47,9.1,4.5,6.4,4.6,2.3,9.9,4.0,1.2,9.2,5.2,6.3,9.1,4.2,6.7
Mable Ingram,Male,27,4.8,3.4,6.0,5.0,5.3,7.2,7.2,1.2,3.2,5.3,8.8,2.6,9.1,9.1
Allen Hernandez,Male,47,4.9,1.7,1.0,6.5,9.0,5.9,8.6,4.6,3.2,4.3,8.4,9.0,5.6,6.1
Gary Stevens,Male,39,3.5,2.4,5.1,2.6,9.8,6.1,4.7,3.7,9.2,8.1,2.2,7.4,8.5,1.9
Ryan Paul,Male,17,8.6,3.6,6.3,8.9,9.2,1.7,1.7,3.6,4.6,8.3,3.1,4.0,2.8,4.9
Alice Byrd,Male,36,8.8,9.3,10.0,3.6,3.0,9.0,2.6,2.3,1.9,3.0,2.5,7.5,2.7,3.4
Lenora Little,Female,24,8.6,4.4,3.5,4.2,5.4,4.5,7.1,3.8,5.3,9.5,5.9,8.8,5.0,8.6
Earl Watkins,Male,58,10.0,3.6,4.1,6.1,6.9,1.6,3.3,6.5,5.1,3.6,9.5,4.6,7.7,5.4
Clarence Carter,Female,21,1.2,2.0,7.7,6.1,5.4,8.2,8.2,9.4,7.7,9.1,4.5,7.7,7.4,1.2
Peter Holmes,Male,27,5.0,9.8,5.5,1.4,9.0,4.9,5.5,7.6,8.9,7.8,6.1,4.8,4.5,4.4
Esther Gibson,Male,22,6.2,1.7,8.8,9.5,8.9,4.0,9.2,4.7,7.4,2.2,4.8,5.9,7.6,8.7
Teresa Price,Female,18,1.1,9.4,5.3,4.3,1.3,6.7,6.9,6.4,6.5,4.7,3.1,4.5,4.8,6.1
Helen Hawkins,Male,16,5.5,3.6,4.7,4.8,4.6,4.9,9.9,4.9,8.9,5.9,4.8,4.1,2.5,7.4
Margaret Harris,Female,18,4.6,6.6,9.5,4.3,9.5,4.4,8.3,6.3,3.1,7.5,7.2,9.5,8.8,8.4
Ada Robinson,Female,44,6.8,4.3,7.1,6.1,2.6,5.6,1.8,4.9,6.5,3.6,1.2,8.8,8.0,9.2
Betty Adkins,Male,58,3.9,8.8,5.8,5.1,7.1,7.5,6.2,5.1,8.4,1.7,7.6,5.2,1.8,8.1
Danny Burton,Male,26,8.3,4.3,2.4,9.0,4.6,4.9,5.6,8.4,5.3,9.7,8.2,3.0,9.9,9.8
Charlotte Watson,Male,68,5.6,7.0,10.0,8.1,1.6,2.4,3.9,9.0,10.0,7.6,5.4,1.5,2.5,7.6
Ricky Tran,Female,33,7.6,2.5,6.5,1.6,9.4,3.9,5.8,6.7,5.7,7.1,9.5,4.2,1.5,4.4
Ola Miles,Male,18,7.2,2.9,6.1,2.8,3.7,7.7,1.2,3.6,4.2,3.6,8.6,1.2,8.9,3.1
Jack Russell,Male,33,2.3,3.4,5.3,3.1,8.5,3.4,8.2,9.0,8.6,6.8,4.7,1.4,6.5,5.2
Gene Padilla,Female,38,8.1,8.3,4.6,6.5,9.9,4.1,7.3,6.8,8.0,7.1,6.4,7.5,5.9,4.6
Viola Ortiz,Male,24,4.4,9.0,3.8,8.2,6.5,6.8,4.0,6.9,1.3,4.8,2.3,2.2,4.5,5.3
Josie Ford,Female,38,2.7,5.7,2.6,2.0,5.1,9.8,3.9,1.1,5.5,8.2,3.3,9.7,2.2,6.7
Matilda Reeves,Female,38,5.3,4.6,3.5,9.4,7.6,4.1,7.1,7.3,6.1,1.7,4.8,7.4,5.7,2.0
Blake Lamb,Female,37,4.3,2.0,2.4,6.0,7.9,2.6,1.8,1.4,2.0,7.0,5.7,3.0,4.6,6.1
Edith Hicks,Female,34,1.1,2.7,2.3,8.2,5.2,5.1,6.1,1.2,2.2,1.6,9.7,9.2,2.7,7.2
Susan Schwartz,Male,35,8.0,1.8,7.1,7.7,6.6,2.9,3.1,6.1,7.8,3.8,7.7,1.4,9.4,4.2
Nora Dean,Male,33,7.0,4.7,3.8,6.6,1.7,5.5,8.5,1.9,1.2,2.4,3.4,2.8,9.3,6.3
Andre Mann,Female,38,7.8,4.6,9.0,7.8,3.0,2.6,2.4,1.3,8.1,1.8,9.5,3.3,2.7,7.5
Brett Walsh,Male,17,3.1,4.6,5.8,7.5,4.9,1.9,5.3,6.8,3.2,4.9,4.8,4.2,2.1,3.9
Leona Boyd,Male,31,4.1,2.3,1.5,5.1,5.9,2.8,8.2,8.7,5.0,3.7,9.5,5.2,7.5,7.2
Jim Rivera,Male,30,2.4,4.8,5.7,2.3,8.2,3.8,6.0,2.2,3.8,1.8,9.8,8.6,5.2,5.8
Gregory Carter,Female,41,1.7,1.2,2.2,4.5,3.7,4.8,7.6,9.1,6.9,9.5,4.9,6.0,4.7,5.6
Susan Hernandez,Female,20,7.5,9.4,3.5,4.0,5.8,3.2,9.4,2.0,1.3,7.1,3.8,7.3,8.5,8.5
Earl Malone,Male,28,1.1,7.6,5.8,7.1,3.4,7.6,9.1,9.1,4.1,8.6,10.0,6.8,7.4,2.5
Elsie Park,Male,33,2.3,7.8,1.6,3.5,1.6,3.3,4.9,2.4,6.4,8.7,4.6,3.5,3.9,9.9
Polly Higgins,Male,35,4.7,8.1,1.1,4.6,1.1,6.4,1.5,7.0,2.0,9.0,9.6,5.4,8.7,8.0
Erik Perry,Female,33,9.4,6.7,4.0,9.9,9.5,5.5,5.5,1.1,4.4,6.5,4.7,8.9,6.3,4.4
Florence Ward,Female,28,2.9,2.4,8.0,9.1,9.1,6.7,1.2,7.1,2.8,9.0,6.5,5.6,9.5,2.2
Jack Cobb,Female,60,8.8,5.1,4.1,9.5,7.5,4.9,3.5,5.5,10.0,1.9,2.9,5.2,4.8,6.9
Erik Collier,Male,44,9.8,5.7,9.5,9.3,6.2,1.9,9.1,2.6,6.9,9.3,4.5,3.2,5.2,3.3
Matthew Wilkerson,Male,58,6.8,5.0,4.1,2.7,4.6,4.4,1.5,4.1,6.7,8.5,3.2,3.5,3.0,9.7
Jeanette Williams,Male,26,5.3,8.4,7.2,4.0,7.2,8.2,5.9,5.9,4.3,3.3,8.5,4.4,8.8,9.0
Dustin Gordon,Female,27,9.0,4.3,4.2,9.1,5.9,2.9,3.3,2.7,6.6,7.7,7.3,5.0,5.4,4.6
Adam Pena,Female,57,7.4,2.3,7.1,6.6,8.1,7.7,7.2,4.0,7.4,9.9,8.7,2.9,6.7,3.3
Jean Massey,Male,19,8.5,4.6,1.2,9.3,8.1,2.1,9.9,2.7,1.6,6.6,6.6,4.5,9.8,6.2
Roy Soto,Male,34,4.5,3.0,5.1,2.7,2.0,7.7,8.9,1.4,6.2,1.9,3.0,8.7,8.1,1.6
Janie Green,Female,57,2.9,8.9,9.2,8.5,8.4,2.5,8.7,3.6,5.0,4.7,2.3,8.7,8.4,5.7
Jimmy Park,Male,62,5.6,6.2,6.2,3.2,1.8,3.2,7.9,7.4,2.2,2.1,7.4,9.8,9.2,5.7
Howard Snyder,Male,16,4.1,2.8,6.1,5.5,8.3,3.2,2.0,3.2,1.8,9.9,8.7,4.3,6.2,3.9
Inez Alvarez,Female,32,7.6,5.7,8.8,8.5,1.9,4.4,8.0,6.4,7.9,6.1,9.8,6.2,4.9,4.9
Mario Cole,Female,30,3.9,5.9,5.5,7.0,4.7,3.9,8.5,9.3,8.4,6.6,2.6,9.9,4.4,9.3
Lilly Long,Male,22,7.7,4.2,2.1,9.2,2.1,4.9,5.1,6.5,1.1,1.3,4.3,6.7,6.3,9.2
Mina Bell,Male,39,10.0,10.0,3.9,4.6,5.2,2.7,7.0,5.5,7.7,7.9,1.3,8.0,1.4,6.3
Leila Erickson,Male,19,6.3,9.4,6.9,3.7,1.5,9.5,8.1,8.6,8.5,4.6,7.1,5.4,3.0,8.9
Milton Robinson,Female,22,6.2,7.7,7.5,6.5,3.1,9.9,8.3,4.9,6.1,5.5,6.6,8.3,9.2,9.2
Ronald Boone,Female,23,4.4,9.4,5.5,4.2,6.0,4.3,2.6,1.7,1.2,8.2,5.6,2.5,5.8,3.8
Norman Harvey,Male,24,5.2,1.3,5.7,3.6,5.6,9.8,2.4,2.2,2.4,2.1,7.0,6.3,8.3,9.3
Landon Jimenez,Female,17,4.6,2.9,6.7,8.6,1.0,5.0,7.6,1.4,2.4,6.9,5.9,5.9,1.0,5.1
Nelle Reid,Male,22,1.2,9.4,2.6,4.6,1.1,6.4,7.9,3.7,5.4,9.0,2.5,8.1,7.4,5.1
Mittie Holloway,Female,18,6.4,3.6,6.5,8.0,6.8,4.9,7.0,7.4,7.7,8.5,5.5,6.6,7.7,3.8
David Fox,Male,22,4.0,5.6,6.4,5.5,7.9,1.4,4.5,8.8,9.2,1.2,9.2,5.4,7.3,1.2
Nora Riley,Female,28,6.3,6.1,5.6,1.7,2.1,3.4,1.2,8.3,9.7,3.0,7.0,2.3,4.0,6.4
Jean Logan,Female,48,9.9,3.8,1.4,3.6,1.4,4.5,5.1,6.8,7.6,9.4,3.7,2.3,9.7,4.9
Hulda Boone,Male,56,5.7,4.4,5.5,1.5,7.6,9.0,9.1,9.5,7.6,7.1,4.9,3.0,4.8,8.6
Sadie Jensen,Female,20,7.5,3.2,2.0,6.0,1.7,1.7,3.1,5.6,8.8,7.7,8.3,8.2,9.6,1.4
Rebecca Stone,Female,27,1.3,8.3,1.7,2.4,9.1,9.6,4.1,3.0,3.7,6.6,2.5,4.9,4.9,1.4
Hilda Simpson,Male,18,1.9,8.3,9.0,9.9,3.9,6.6,7.6,2.9,7.4,7.0,8.3,9.1,5.8,9.6
Susan Hudson,Female,27,5.4,1.8,8.1,4.0,3.5,3.6,6.1,2.7,1.1,7.7,6.6,3.9,5.6,9.7
Travis Smith,Female,21,9.7,5.4,2.6,5.1,8.4,5.5,9.6,7.4,2.7,1.4,8.2,7.0,3.3,4.8
Paul Phillips,Female,59,5.9,6.1,1.2,4.2,5.6,7.5,2.5,3.2,6.7,8.8,9.9,9.9,2.3,5.3
Linnie Bell,Male,36,6.9,2.3,2.9,9.1,3.6,3.6,9.2,9.2,2.9,1.7,9.2,6.5,4.6,2.9
Richard Robertson,Male,23,3.0,6.9,1.7,3.1,6.8,8.2,8.7,7.9,3.5,7.3,2.9,4.3,5.3,4.5
Winifred Palmer,Female,25,1.6,5.1,2.1,2.1,1.6,8.4,1.6,9.9,2.5,1.6,3.8,5.5,1.6,6.4
Florence Lambert,Female,30,5.2,4.8,3.6,7.3,8.9,7.3,5.2,3.7,1.7,3.7,3.8,5.6,5.2,8.9
Caroline Moody,Female,22,1.6,8.7,2.8,7.1,8.1,5.0,7.7,9.8,4.4,5.0,4.1,9.9,4.2,2.9
Lelia Kelley,Male,24,3.3,3.6,8.5,7.1,1.3,1.5,7.1,7.6,8.7,4.8,3.6,6.0,1.3,9.9
Mike Hill,Male,17,2.7,5.5,9.6,8.0,2.2,1.3,8.3,6.6,6.5,4.4,1.6,4.5,1.5,7.1
Francisco Simon,Female,46,3.4,4.6,2.1,4.6,1.5,1.5,9.2,2.6,7.9,6.7,2.1,2.4,6.0,3.2
Ellen Burke,Female,37,8.3,2.7,5.6,1.2,9.1,9.8,1.8,5.1,7.2,4.3,1.4,2.6,5.9,6.7
Isabel Haynes,Female,18,8.9,3.9,9.5,6.7,6.4,2.5,3.1,3.4,6.0,7.3,6.2,5.7,1.3,6.8
John Manning,Male,43,4.6,9.6,9.9,6.0,1.7,7.9,8.4,6.0,7.1,9.7,9.1,7.3,5.7,5.9
Belle Hines,Male,46,3.7,6.6,4.4,4.1,6.7,2.4,3.8,7.8,8.8,7.5,3.2,8.8,9.8,2.5
Tommy Hodges,Female,23,4.3,1.4,4.5,4.6,6.9,5.8,9.1,8.1,3.3,9.0,8.9,4.8,5.6,9.1
Virginia Nunez,Female,43,3.1,1.9,1.8,6.5,2.9,5.9,6.1,5.8,1.9,5.1,8.3,4.6,1.3,4.9
Jesse George,Female,42,4.2,1.1,7.8,9.5,9.9,7.4,6.6,8.8,5.1,5.7,2.8,1.8,3.2,7.7
Troy Castillo,Female,32,3.6,5.9,1.4,4.1,4.1,6.9,7.6,8.7,7.3,2.4,2.0,8.1,5.3,3.8
Irene Parks,Female,29,3.9,1.4,2.2,5.3,2.6,5.2,9.8,3.6,7.1,3.9,1.0,3.8,2.9,9.9
Leon Tate,Male,58,1.5,7.2,9.4,6.7,2.7,6.3,5.3,3.5,3.8,9.0,3.2,4.4,5.3,7.3
Dustin Greene,Female,48,6.4,2.5,8.6,2.0,2.4,2.1,7.4,6.4,5.4,8.3,9.9,1.4,9.4,5.0
Gene Hughes,Female,20,3.9,7.4,3.5,1.8,8.1,7.4,8.5,5.7,7.0,5.0,6.6,6.1,5.0,6.3
Verna Sandoval,Male,48,8.2,8.9,5.3,10.0,7.9,2.9,6.2,7.5,5.5,1.5,1.5,4.0,4.0,9.5
George Flowers,Male,44,1.4,9.6,7.6,4.0,7.4,3.1,1.7,9.0,4.1,3.5,4.3,2.2,4.6,9.8
Jared Burns,Female,61,9.8,2.5,7.7,9.2,4.2,8.7,7.8,9.5,4.9,4.8,8.8,8.5,9.4,1.9
Billy King,Male,19,6.9,7.8,7.7,8.4,9.0,8.5,3.7,3.5,6.1,5.1,8.6,5.4,6.7,6.8
Hilda Little,Female,32,7.4,6.1,2.0,3.9,2.1,3.4,9.4,8.8,2.5,7.7,9.8,2.6,6.5,5.4
Kevin Pierce,Female,40,3.9,5.9,5.4,2.2,8.9,3.2,8.5,4.2,8.1,5.2,3.9,6.1,4.0,9.8
Miguel Smith,Female,29,6.8,8.1,6.7,8.8,9.3,9.7,5.1,4.0,1.7,4.2,8.2,7.6,5.8,4.5
Jonathan Carr,Female,59,4.1,8.2,8.4,4.3,1.4,7.0,4.5,7.4,7.6,7.7,6.4,1.7,1.3,7.8
Jared Malone,Female,35,3.1,4.3,8.0,6.9,2.4,2.9,1.9,2.7,5.2,5.2,7.7,7.5,1.5,7.9
Brian Reed,Female,39,2.1,2.4,6.0,2.1,8.3,2.3,4.9,9.5,2.3,5.1,5.4,5.6,8.7,7.3
Cory Turner,Male,19,2.8,3.8,2.2,3.6,1.7,5.2,4.5,5.4,2.9,9.0,4.8,5.1,6.0,4.7
Gavin Ferguson,Female,51,6.4,8.4,1.1,8.8,6.6,9.1,8.4,9.8,2.7,6.5,2.8,4.6,8.9,7.0
Glen Gonzales,Female,34,3.2,7.2,8.9,8.0,1.4,5.9,7.1,4.7,4.8,2.6,8.8,9.3,5.4,9.2
Lora Caldwell,Male,41,5.2,3.2,3.1,8.2,3.4,7.1,3.5,1.1,3.6,5.8,3.3,9.2,3.4,2.7
Eleanor Parks,Female,54,8.0,7.6,7.0,9.6,7.6,6.4,8.9,8.9,4.8,6.9,3.3,3.2,2.7,5.6
Theodore Medina,Male,20,6.1,5.1,3.4,7.8,9.6,7.1,5.3,4.2,4.4,1.7,8.1,3.8,5.6,2.3
Travis Hampton,Female,32,2.0,5.9,6.5,9.6,9.9,8.7,8.1,8.5,8.6,5.4,7.3,9.3,9.9,3.0
Betty Ramirez,Male,39,1.5,6.1,3.8,8.4,1.4,2.0,9.8,3.2,1.3,5.4,2.4,1.4,8.9,9.5
Virgie Rodriguez,Male,66,7.6,7.9,6.5,4.5,5.6,2.4,8.4,6.0,8.0,5.8,1.3,3.4,6.2,2.4
Allie Christensen,Male,27,9.0,9.6,9.1,4.5,4.9,2.4,2.2,3.2,10.0,7.6,8.8,2.6,7.2,2.0
Juan Graves,Female,38,3.7,3.4,2.4,8.8,4.1,7.7,2.8,1.3,3.3,4.0,7.9,3.8,4.4,4.3
Charlie Rowe,Male,35,6.9,2.3,1.2,4.7,4.5,4.1,4.7,6.7,9.6,2.6,7.2,8.0,2.1,8.5
Hattie Lloyd,Male,32,5.3,8.1,8.7,6.3,1.8,9.6,2.1,1.4,2.6,9.8,5.1,2.3,2.0,6.6
Luis Spencer,Male,62,2.7,2.8,9.3,5.5,5.4,6.6,6.1,8.5,2.1,7.2,1.7,9.8,8.1,6.8
Shane Reese,Male,20,4.0,1.0,3.4,9.6,5.2,9.1,7.0,6.0,4.2,3.0,8.0,3.6,9.2,5.3
Ollie Riley,Male,24,2.1,8.5,4.7,1.7,5.3,5.1,2.8,7.7,8.7,9.8,5.0,1.6,8.4,1.2
Lois Diaz,Female,46,1.3,6.1,3.1,6.5,5.3,9.9,3.8,5.9,2.3,5.9,1.2,5.4,8.1,6.5
Luis Burton,Female,28,6.3,1.2,7.1,7.9,3.1,3.7,9.8,1.0,2.1,8.8,9.9,1.5,4.8,3.4
Lizzie Riley,Female,35,2.7,3.6,9.1,5.0,4.5,1.7,3.1,3.9,8.7,7.1,2.7,7.7,9.2,3.2
Alfred Lee,Male,47,3.9,8.0,6.3,1.9,9.4,7.7,7.5,7.2,1.5,3.4,6.8,3.5,3.9,1.8
Ora Peters,Male,36,9.8,3.1,1.5,7.4,6.0,6.8,1.4,6.2,5.4,3.0,8.0,7.0,2.1,5.3
Jose Cole,Male,48,8.5,6.1,6.1,2.6,6.0,8.2,7.8,7.5,9.0,6.5,3.0,2.8,8.8,1.7
Tom Carter,Male,51,7.9,4.4,3.1,3.8,2.9,9.7,2.9,4.1,6.4,9.2,8.2,1.8,6.9,8.0
Adelaide McBride,Female,34,8.0,9.4,1.8,6.0,2.3,6.2,2.9,8.6,8.2,2.0,2.8,2.5,6.5,2.9
Ralph Cross,Female,64,7.9,6.2,4.1,7.6,4.2,5.8,9.3,4.7,8.3,6.9,2.2,6.4,5.2,2.0
Elnora Wilson,Male,18,8.2,5.5,9.2,9.9,4.0,3.2,2.6,8.8,6.8,7.1,2.9,2.8,5.8,4.9
Rena Maldonado,Female,16,1.4,8.1,6.8,1.4,7.5,7.7,2.7,9.4,3.3,6.6,3.1,2.9,5.6,6.7
Dorothy Brady,Male,18,1.3,3.1,1.5,6.4,7.4,2.7,6.3,3.4,3.2,1.4,4.6,7.4,9.6,7.6
Leona Berry,Female,26,7.0,6.5,4.2,5.7,4.5,4.5,6.6,9.9,4.3,7.8,9.2,1.7,7.6,6.9
Paul Dixon,Female,37,4.3,3.6,2.9,1.8,6.2,2.5,7.7,1.0,8.8,7.7,9.9,6.4,1.5,6.5
Chase Becker,Female,23,1.2,3.2,8.2,3.2,9.9,3.8,1.4,2.2,4.0,4.7,3.3,4.4,3.4,7.3
Howard Figueroa,Male,33,1.3,4.1,2.6,5.6,6.4,8.9,9.7,5.7,5.6,9.9,6.4,3.6,1.4,6.2
Leonard Carpenter,Female,20,5.0,8.2,5.2,7.5,7.3,2.8,3.2,9.8,5.2,7.2,5.1,1.8,4.7,8.8
Howard Alexander,Male,23,8.3,7.3,6.0,1.2,8.5,8.4,2.4,4.9,8.1,6.0,5.2,1.9,4.8,9.2
Ola Norris,Female,24,4.5,4.0,3.4,2.9,1.5,6.4,3.9,6.0,4.0,3.2,8.2,5.9,3.7,1.9
Philip Sullivan,Female,20,2.0,9.9,6.7,8.8,5.5,9.5,1.5,5.0,9.1,3.8,7.8,3.4,5.5,7.6
Isaac Massey,Male,32,2.3,3.5,7.0,1.7,6.2,7.3,3.8,3.3,3.8,4.1,8.1,6.6,9.3,5.1
Olga Williamson,Male,36,10.0,7.2,2.8,5.5,9.4,1.1,1.2,3.3,8.1,5.5,5.7,8.1,3.3,7.7
Micheal Schmidt,Female,43,8.8,6.8,8.6,2.8,6.8,7.9,3.8,6.8,2.1,9.0,9.5,1.5,1.7,9.8
Edna Ford,Male,21,2.7,9.4,2.3,8.7,1.1,3.7,1.3,7.0,6.6,3.8,8.7,3.5,1.8,1.3
Tommy Daniels,Female,29,7.2,5.1,9.9,4.0,2.9,3.7,3.5,4.2,3.5,3.6,8.5,2.7,2.2,6.1
Elnora Palmer,Female,22,4.4,5.4,8.5,3.7,5.3,4.8,9.4,7.9,3.6,5.0,7.8,5.6,8.7,8.2
Mabel Pope,Female,16,6.7,6.8,5.7,9.2,5.7,9.0,1.9,2.5,7.7,9.7,6.1,7.3,8.7,5.7
Eric Cole,Female,35,7.7,7.7,5.6,3.1,3.0,1.2,5.8,1.8,3.9,7.8,5.1,2.1,4.0,7.2
Georgie Becker,Male,28,6.3,4.6,8.3,7.8,4.5,7.8,9.2,3.8,4.9,3.7,2.3,8.7,7.2,7.2
Jerome Riley,Male,52,2.1,4.7,7.3,7.1,5.2,4.7,9.9,9.3,1.2,7.7,4.2,8.2,7.4,1.2
Duane Blair,Female,16,7.9,9.2,4.9,6.5,9.4,8.0,4.7,1.9,7.8,2.4,8.3,6.5,1.8,3.5
Theresa Aguilar,Female,31,1.9,4.3,2.5,5.5,6.6,7.4,4.9,7.1,1.8,8.7,6.7,6.8,1.3,6.0
Vera Wallace,Male,21,2.6,5.4,3.6,6.5,2.0,4.5,3.3,1.7,3.9,3.5,9.7,1.0,2.8,3.3
Eunice Bowman,Male,36,1.4,9.3,8.6,4.3,9.1,7.1,1.6,7.2,9.8,2.0,9.5,6.2,2.9,6.6
Hilda Hall,Male,25,7.7,7.2,2.6,10.0,5.0,2.7,1.7,8.0,6.4,2.7,6.6,9.7,3.9,9.4
Elmer Roberson,Female,23,9.2,5.9,1.6,3.1,1.8,3.3,4.7,5.4,8.7,2.2,3.8,9.8,5.4,5.2
Helena Banks,Female,47,9.1,6.3,9.1,3.0,6.2,4.3,1.0,8.4,4.3,2.5,2.1,9.4,7.8,2.2
Stanley Walton,Female,47,9.6,1.8,7.6,1.7,3.2,9.9,2.7,1.6,9.9,7.1,5.6,7.2,3.0,2.9
Jeffery Clark,Female,58,2.9,3.3,3.8,4.6,6.4,1.0,8.1,10.0,6.2,5.7,7.7,5.8,5.0,8.4
Edward Munoz,Female,38,1.5,4.6,9.3,9.7,5.1,1.7,1.8,5.7,5.8,9.8,5.1,2.3,8.6,2.4
Isaac Gutierrez,Male,29,4.4,8.8,2.7,8.2,8.7,5.6,9.0,3.1,2.5,1.4,1.8,3.9,6.0,4.4
Ricky Graves,Female,35,9.6,1.6,2.8,1.1,8.4,5.6,4.3,9.7,9.0,1.0,8.6,7.3,2.0,1.4
Patrick Singleton,Female,26,3.3,4.1,4.8,8.7,2.4,6.7,9.8,8.6,5.3,9.1,8.4,6.2,3.6,8.3
Joshua Rowe,Female,23,5.4,1.7,1.7,2.8,2.3,7.8,3.3,6.0,1.3,9.8,4.4,5.7,5.5,4.4
Alma Long,Female,39,8.5,9.7,4.6,5.9,4.7,4.4,6.5,4.4,5.8,4.9,5.4,5.0,8.9,7.5
Jane Crawford,Male,19,5.4,4.7,5.1,6.3,1.2,2.9,5.3,2.8,2.5,2.3,2.8,2.6,2.5,7.0
Jennie Crawford,Male,22,4.7,1.7,7.6,2.9,5.3,3.5,5.5,7.1,5.5,7.6,6.7,1.5,4.5,1.7
Christian Griffin,Male,37,5.7,3.1,4.6,2.9,9.4,7.7,7.8,1.5,9.5,4.0,5.0,3.7,2.5,2.5
Jeff Murphy,Female,43,5.4,3.4,8.6,4.4,4.7,6.0,5.2,2.4,1.5,1.8,3.4,3.6,5.0,1.9
Melvin Robinson,Male,39,3.6,7.6,6.8,6.3,4.8,5.9,2.7,8.2,5.8,8.6,8.7,2.8,7.2,8.6
Mattie Ramirez,Female,32,6.5,9.0,2.4,3.5,1.7,8.8,4.6,9.9,5.0,3.7,2.1,9.8,7.9,7.8
Dustin Carlson,Female,29,1.0,6.0,7.4,8.3,5.6,2.1,7.1,6.3,4.8,4.6,7.6,7.7,7.6,3.0
Bess Leonard,Male,32,7.4,1.9,1.9,7.1,9.4,4.5,6.1,5.9,7.9,6.0,5.0,4.2,4.7,9.4
Katherine Butler,Female,26,3.2,4.9,9.7,4.9,8.2,3.1,9.4,6.6,1.6,3.7,6.1,9.2,7.5,2.6
Lura Owen,Male,49,6.1,5.6,4.8,2.3,7.2,6.8,3.8,1.6,9.2,2.0,1.6,7.3,4.9,8.5
Leonard Gibbs,Male,52,6.8,8.2,3.3,5.1,5.2,2.5,8.7,8.9,8.4,3.8,4.2,7.5,3.1,5.1
Clifford Cruz,Female,17,5.3,7.9,2.9,7.0,3.7,9.0,5.8,5.3,9.1,8.5,7.1,6.7,5.6,5.3
Alex Bridges,Female,21,5.8,1.4,8.4,4.8,9.8,1.5,4.9,7.8,8.6,6.2,9.2,9.8,6.8,1.7
Edwin Rodriguez,Female,42,8.1,9.9,1.7,1.8,6.4,7.9,1.4,3.4,3.0,7.3,9.5,6.0,4.3,1.3
Leona Brewer,Male,23,4.8,2.5,2.8,4.5,4.9,5.8,2.9,5.5,7.8,4.6,2.4,9.3,5.8,7.5
Carlos Frank,Female,23,7.8,8.2,6.8,4.2,6.9,3.9,1.9,6.7,3.3,2.2,2.9,9.6,2.8,6.4
Thomas Collier,Male,27,2.1,5.5,4.2,5.7,9.8,7.7,6.8,2.3,9.4,6.4,8.4,4.7,1.4,2.3
Steve McKenzie,Female,24,1.1,2.1,8.5,5.3,2.1,9.0,3.7,4.2,6.0,3.4,2.9,4.1,4.7,5.3
Jerome Vaughn,Female,25,5.2,1.2,3.5,8.1,6.5,6.5,3.4,5.9,4.4,9.2,5.8,8.8,9.8,3.8
Polly Day,Male,66,3.0,5.1,7.6,5.7,9.6,2.8,7.3,5.0,7.3,8.0,7.6,2.4,3.1,7.0
Chad Schultz,Male,34,1.3,2.2,6.6,5.9,5.1,1.2,5.3,2.6,8.7,6.9,7.7,8.4,9.3,6.9
Rhoda Boyd,Female,25,9.4,9.1,4.3,8.7,6.7,3.6,5.6,6.1,6.1,2.6,6.2,2.5,7.2,4.4
Josie Warren,Male,39,3.1,1.2,2.5,5.5,4.2,8.8,1.1,1.6,10.0,1.6,7.1,2.1,6.6,5.8
Douglas Morales,Male,22,1.4,2.8,1.9,2.1,8.3,9.1,6.2,1.2,9.3,6.3,3.5,2.2,1.2,6.8
Scott Patrick,Male,26,8.1,3.2,1.1,6.2,6.1,7.1,6.1,4.7,4.1,9.3,5.3,3.3,3.5,3.3
Alice Jennings,Male,42,6.3,3.8,3.9,7.4,5.7,3.7,9.2,9.4,2.5,4.0,6.0,3.4,3.7,7.3
Mario Joseph,Female,33,3.2,2.1,4.2,9.2,6.9,3.9,7.0,7.6,3.6,9.3,2.9,5.9,1.3,1.5
Keith Ball,Female,35,2.5,8.9,3.7,2.7,9.3,6.0,8.0,6.9,2.5,4.7,1.2,8.2,7.8,1.6
Gregory Cole,Female,40,5.0,7.5,5.8,7.7,1.4,7.5,5.4,3.6,5.4,1.0,6.9,9.6,3.8,8.5
Alex Goodwin,Male,67,7.0,9.1,6.9,2.6,3.7,2.8,6.1,4.3,4.4,8.1,2.5,3.8,3.3,3.9
Ryan Thompson,Female,39,5.8,4.4,1.2,2.0,9.7,5.5,4.4,3.8,4.9,4.2,4.6,10.0,4.1,1.3
Sara Wells,Male,35,2.6,8.7,6.2,7.4,1.6,3.8,7.7,1.2,7.8,9.8,5.1,6.4,7.4,8.8
Nina Wilson,Female,46,1.2,5.2,5.4,7.9,4.2,3.7,4.6,8.9,8.6,8.8,2.6,6.1,2.7,2.1
Dylan Graves,Male,25,2.9,4.9,1.6,8.4,2.0,2.5,5.9,3.0,3.2,1.7,7.3,8.4,3.1,6.2
Lydia Hodges,Female,26,1.7,7.0,1.8,7.0,5.1,9.7,1.2,8.9,8.8,4.5,5.7,5.3,1.9,5.2
Peter Chambers,Female,16,5.7,8.6,6.3,2.4,7.8,5.0,3.0,3.3,7.1,7.5,4.7,6.1,3.3,1.8
Troy James,Female,41,2.8,5.2,10.0,3.2,5.9,7.3,9.8,7.9,1.7,6.1,4.9,5.9,8.7,9.0
Bryan Ryan,Female,31,2.7,1.6,2.2,6.0,1.2,7.7,2.6,3.0,1.4,8.9,4.6,8.3,3.8,7.3
Carolyn May,Female,66,7.8,7.9,5.5,1.7,6.9,7.7,6.7,8.1,5.4,3.2,6.7,9.0,3.8,4.7
Joel Becker,Female,46,1.7,1.3,6.1,1.2,9.1,4.1,2.4,5.5,1.6,9.4,5.1,1.2,6.4,4.6
Jeff Lambert,Female,35,4.7,2.8,9.2,9.2,3.0,3.6,1.5,7.2,6.7,5.9,4.5,9.9,3.7,4.2
Sue Griffin,Female,36,1.7,1.5,7.7,2.0,9.0,2.0,6.8,1.2,2.8,2.7,6.4,7.3,7.0,5.6
Bill Potter,Male,22,9.2,9.0,7.2,4.6,7.6,7.7,1.8,6.8,3.7,8.9,3.9,4.5,1.5,7.4
Maurice White,Male,39,1.1,8.1,9.0,5.9,1.9,1.2,2.5,7.0,5.7,5.8,4.1,8.6,7.3,8.2
Caleb Gomez,Female,29,4.7,1.0,8.9,4.8,10.0,9.0,8.4,7.5,5.5,3.5,7.6,1.8,4.0,6.6
Randall Grant,Male,39,7.2,4.4,5.7,2.6,8.6,4.7,7.2,6.0,8.3,2.6,9.9,3.9,4.8,2.2
Rodney Rogers,Male,58,7.9,7.1,7.3,3.7,9.1,3.0,6.1,6.5,7.9,2.1,1.9,6.5,7.9,8.5
Herbert Sullivan,Female,23,6.3,7.8,1.9,1.8,9.9,3.3,9.4,8.1,7.9,7.2,7.0,3.9,3.4,8.1
William Vaughn,Female,26,5.0,3.9,1.4,6.3,3.4,7.2,5.3,6.2,9.5,4.9,4.2,8.6,7.0,2.7
Jesse Walton,Female,41,1.1,3.4,3.8,1.8,8.9,1.6,5.2,6.1,7.2,4.4,9.1,2.8,2.8,5.9
Seth Atkins,Male,64,1.9,9.3,4.7,6.8,6.6,3.3,7.6,6.8,2.2,8.1,9.4,1.4,8.1,5.8
Alan Owen,Female,42,9.9,7.6,1.9,5.0,8.0,1.6,6.9,7.3,6.7,9.2,7.3,9.5,4.3,2.8
Agnes Townsend,Male,47,3.2,1.1,2.9,5.7,1.7,9.0,8.5,9.3,7.3,6.1,3.1,2.7,4.5,2.1
Ada Steele,Male,63,4.8,1.4,4.1,9.9,9.5,7.3,4.1,7.0,9.5,8.7,7.1,1.1,8.0,2.8
Angel Gonzales,Male,48,9.3,4.5,3.7,9.2,10.0,9.8,10.0,6.4,2.3,9.7,1.5,2.1,7.2,6.3
Milton Holt,Female,67,7.5,1.8,8.5,8.4,3.2,8.5,5.3,8.6,7.2,9.7,4.3,4.3,3.8,1.3
Jeanette Jordan,Female,31,9.8,4.5,6.1,6.2,4.9,6.5,4.4,1.0,8.4,4.5,2.6,7.2,6.1,6.6
Francisco Ruiz,Female,38,2.7,7.7,1.8,4.8,1.1,9.6,3.2,2.8,7.8,5.9,9.3,3.9,8.5,9.5
Cory Page,Female,53,3.3,6.5,9.8,1.8,9.0,2.0,9.4,2.5,5.2,6.3,9.9,1.9,7.7,6.9
Albert Cobb,Female,35,5.8,7.6,7.2,4.7,9.4,7.5,7.9,5.8,2.1,6.7,7.7,3.1,6.8,3.4
Bradley Drake,Male,30,1.1,8.8,8.4,2.0,7.8,7.1,7.8,6.2,8.4,6.9,6.3,6.2,9.4,1.8
Wayne Rogers,Female,67,2.2,6.3,3.2,1.8,1.1,2.2,9.0,9.5,6.9,9.2,6.5,8.3,1.2,3.0
Alvin Gill,Male,22,7.3,5.1,4.2,7.6,7.9,2.7,8.0,8.9,2.7,8.5,7.6,1.4,9.9,8.7
Calvin Robertson,Male,37,8.0,6.9,8.4,8.1,6.1,7.4,7.8,1.3,1.0,1.0,9.3,2.8,9.9,9.3
Jerry Ball,Female,45,1.9,5.5,1.4,6.6,8.5,6.8,1.1,1.4,6.8,5.9,3.3,3.5,2.8,4.6
Eula Walsh,Male,27,4.3,3.0,8.1,4.6,5.5,1.7,9.7,1.2,9.9,8.8,6.7,6.8,3.4,5.1
Nathaniel Santos,Female,59,8.7,8.1,9.5,5.1,2.0,7.7,9.1,4.2,9.1,7.7,6.8,7.4,6.2,3.6
Raymond Myers,Female,45,5.2,9.6,4.8,2.8,4.3,4.9,1.6,6.2,1.2,6.9,1.6,3.2,7.8,7.0
Leo Floyd,Female,29,4.9,9.1,3.7,6.7,7.2,6.5,8.0,7.9,2.7,2.7,4.8,5.6,9.8,3.7
Christian Walters,Male,36,3.8,2.3,3.9,3.5,2.9,8.7,2.8,7.7,6.2,7.1,5.2,9.0,5.0,5.2
Sara Kelley,Female,69,2.1,8.2,4.5,9.0,7.9,1.3,9.5,3.3,9.3,3.2,1.7,6.4,9.1,9.7
Harriet Christensen,Female,33,4.6,8.0,7.2,2.6,8.8,8.3,7.0,4.5,4.5,7.3,9.8,4.7,7.7,5.6
Owen Sims,Female,28,2.2,8.2,3.7,6.1,4.6,2.6,2.7,4.4,3.3,9.1,2.8,8.6,6.0,4.8
Adrian Mathis,Male,33,6.3,4.8,7.7,6.6,6.9,7.8,1.8,3.3,10.0,4.4,2.2,3.1,1.3,9.8
Lora Richards,Female,22,5.6,1.1,4.6,8.4,4.2,8.9,7.8,2.2,4.3,7.4,3.5,5.2,1.1,7.7
Matilda Craig,Male,46,2.0,2.9,7.6,8.6,8.7,2.8,9.7,6.8,1.9,2.3,2.6,8.4,6.0,5.4
Allen McBride,Male,48,6.9,8.3,5.8,3.1,8.1,6.8,2.7,8.3,8.3,4.5,6.5,5.5,1.1,4.0
Eliza White,Male,50,9.3,8.9,9.7,7.0,7.4,6.7,9.1,5.5,3.9,8.9,6.4,5.4,3.2,3.2
Alex Castro,Female,26,8.5,6.6,8.2,4.3,1.7,8.0,4.7,6.0,5.5,5.8,6.9,7.4,9.4,2.7
Rosetta Frank,Male,36,1.3,8.3,8.0,5.0,7.5,7.3,3.4,9.8,9.4,9.5,5.1,8.5,6.2,7.5
Violet George,Male,28,2.6,4.5,2.1,9.3,3.7,8.8,2.3,3.6,5.9,1.9,6.0,4.3,10.0,4.4
Joshua Morrison,Male,22,6.1,2.7,7.9,2.8,3.5,5.2,6.1,6.9,2.5,5.7,1.5,7.2,8.1,9.3
Fred Copeland,Male,68,8.6,1.7,3.9,6.5,5.7,8.4,9.0,2.8,7.5,6.5,7.2,1.4,6.2,4.7
Nannie Hudson,Male,27,6.8,8.4,6.6,6.7,4.2,7.8,5.3,2.9,9.2,8.0,7.1,9.8,2.9,5.3
Belle Cunningham,Male,25,7.9,5.1,1.9,5.7,5.2,8.2,3.6,5.5,2.5,9.8,2.6,2.6,7.1,3.8
Mittie Larson,Male,41,4.1,2.3,2.8,5.2,6.6,4.5,1.1,6.8,8.8,6.6,9.3,6.4,2.3,8.2
Cornelia Lloyd,Female,19,10.0,8.7,7.3,8.6,4.9,6.2,9.0,4.9,8.0,8.8,6.7,8.8,7.9,5.5
Sara Graham,Male,17,6.5,7.4,6.8,1.8,1.1,10.0,2.2,2.0,3.0,2.5,7.3,1.8,1.9,4.7
Gregory Little,Male,33,6.3,7.0,2.6,8.2,8.7,8.6,8.1,4.4,1.7,7.9,3.0,4.1,8.9,7.8
Cornelia White,Female,17,5.6,2.2,8.8,1.2,2.8,9.3,7.2,7.2,2.1,7.1,9.2,5.5,1.1,4.3
Bradley Luna,Female,58,5.9,7.9,8.0,8.8,9.6,8.1,2.4,6.6,5.7,3.9,1.4,8.8,4.4,5.2
Minnie Santos,Male,25,4.4,5.9,7.2,1.1,10.0,5.4,1.6,7.6,3.7,4.5,9.9,9.7,5.1,7.2
Michael Byrd,Female,28,1.3,4.9,2.6,2.0,1.9,8.4,9.7,3.5,1.2,9.1,6.4,1.4,1.6,7.8
Ina Martinez,Male,67,5.1,7.1,4.0,2.9,8.1,4.4,6.5,9.4,4.6,7.0,3.5,3.0,7.7,4.2
William Walker,Female,31,7.9,5.3,8.4,9.8,9.7,2.1,7.9,1.6,1.5,8.8,1.5,6.0,1.6,7.9
Adele Cortez,Female,37,4.1,2.6,6.9,1.1,8.6,6.5,7.9,1.2,2.1,8.2,8.5,2.7,3.6,2.0
Glenn Barton,Female,23,3.6,3.9,3.5,4.8,6.9,3.3,2.3,6.7,8.2,3.2,4.5,5.5,6.2,1.0
Virginia Barnes,Male,32,1.9,3.2,1.7,6.3,8.1,2.4,2.4,5.7,6.0,7.3,9.3,4.1,8.8,8.8
Scott Massey,Female,24,8.0,3.1,1.3,8.8,8.5,4.1,4.8,7.1,7.1,7.4,1.5,2.7,8.3,6.5
Isabel Miles,Female,18,3.9,1.5,9.5,2.3,1.9,8.1,1.5,4.9,1.2,5.0,2.9,5.8,6.9,7.7
Todd Webb,Female,23,6.8,7.1,4.3,5.9,4.4,4.1,2.8,7.9,8.5,9.4,5.6,1.6,9.9,2.6
Jennie Roberson,Male,32,6.6,3.6,4.0,5.1,4.9,6.3,8.7,4.7,4.1,6.6,10.0,5.6,6.6,8.2
Olive Roberts,Male,39,2.9,7.3,1.2,9.6,1.5,2.0,7.1,5.7,2.4,7.0,4.9,5.8,2.8,5.1
Beulah Carson,Male,37,7.9,3.1,7.7,5.5,6.1,8.0,7.8,2.1,1.9,7.6,2.3,9.6,1.6,3.6
Mike Saunders,Female,38,3.1,3.8,9.1,6.8,7.9,9.8,3.7,1.0,3.1,4.6,3.9,1.2,8.3,7.9
Bradley Adams,Female,43,7.2,1.1,1.0,4.6,10.0,9.4,8.9,8.0,9.3,3.5,9.4,7.3,4.9,3.2
Hallie Vega,Male,33,5.0,9.6,7.6,1.2,3.4,8.8,6.7,4.7,4.7,8.1,3.6,5.6,8.7,5.6
Ernest Chandler,Male,37,1.9,8.5,2.9,4.7,5.8,6.1,7.2,7.6,5.2,1.2,1.3,9.2,2.7,7.2
Isabella Dawson,Female,27,3.8,1.4,9.6,8.7,9.5,3.4,4.3,1.4,4.4,6.4,9.0,7.2,1.4,4.5
Inez Fleming,Male,55,3.3,1.1,3.3,6.3,6.9,3.9,2.0,3.9,1.6,9.3,7.9,6.1,7.4,9.0
Tom Gregory,Female,38,6.8,1.8,5.0,5.8,3.2,5.8,3.7,8.8,4.2,1.1,7.4,5.8,3.2,9.6
Rose Nunez,Male,33,3.8,7.8,8.0,5.6,1.8,1.2,2.6,6.6,7.3,1.1,2.4,5.9,3.4,8.2
Cora George,Male,24,2.8,6.6,5.5,1.0,1.5,3.2,8.1,1.0,3.1,1.2,8.0,3.0,6.8,2.3
Vera Price,Female,48,9.5,4.8,1.1,5.9,9.0,1.8,6.2,5.9,7.8,2.2,6.3,8.5,7.4,2.2
Edwin Riley,Female,49,6.9,8.2,3.9,2.4,2.5,3.8,2.9,8.9,2.9,7.5,6.1,8.7,9.9,3.2
Sadie Ball,Male,28,7.3,5.9,8.3,2.5,5.7,7.5,4.5,8.0,7.4,5.9,9.6,9.5,1.3,8.0
Jeremiah Romero,Male,39,4.9,5.2,1.3,3.2,7.8,9.0,6.8,5.4,7.6,4.5,6.6,8.9,4.4,3.9
Glenn Bates,Female,30,7.7,7.3,1.1,1.9,3.5,9.7,5.5,2.7,4.5,1.6,5.3,3.0,2.2,8.3
Bernard Walters,Female,38,2.2,8.4,7.9,6.5,5.8,5.4,3.0,8.7,6.4,1.9,5.6,4.4,1.2,3.2
Seth Collier,Female,48,3.3,9.6,6.6,9.3,4.1,3.4,4.3,9.4,2.0,1.6,5.7,2.5,3.4,6.8
Effie Thomas,Female,44,6.9,5.7,5.0,4.7,2.9,5.6,3.1,4.7,2.3,4.7,1.3,9.7,3.1,5.4
Birdie Garrett,Female,32,4.7,4.5,6.1,8.6,7.2,8.6,8.2,7.3,1.5,3.1,4.5,9.5,4.3,8.5
Jim Hill,Male,44,8.2,5.0,7.0,9.7,8.6,8.6,4.5,6.3,3.2,6.0,3.6,5.1,9.7,4.3
Jeff Briggs,Male,55,5.0,9.1,1.8,2.7,1.4,1.1,9.6,3.7,1.9,9.2,6.4,5.9,8.0,3.7
Josephine Schmidt,Male,19,9.7,3.1,5.6,9.1,4.4,2.9,8.1,7.9,8.5,4.4,1.0,10.0,5.3,9.6
Alma Bass,Female,23,6.0,2.7,1.2,4.5,1.5,9.3,2.9,1.9,5.1,5.2,2.6,8.0,9.0,6.6
Vincent Abbott,Female,30,4.9,2.5,4.4,9.0,3.0,6.3,6.9,5.2,5.6,1.9,5.8,2.5,2.0,6.8
Allen Sims,Female,25,9.9,3.0,3.4,4.3,1.8,1.5,9.5,8.2,3.2,8.0,4.1,8.7,6.0,9.7
Donald McKinney,Male,28,6.5,1.4,2.4,3.9,7.9,4.4,8.3,5.6,7.2,6.2,3.0,4.4,6.3,9.4
Jack Campbell,Female,31,1.7,6.8,1.7,1.0,6.3,7.4,9.8,3.1,1.9,1.3,4.7,8.0,1.7,4.1
Walter Rios,Female,47,2.2,1.2,4.3,9.7,2.2,10.0,8.6,1.4,6.0,9.3,8.1,7.6,1.7,8.3
Lily Brooks,Male,54,7.1,5.9,9.9,1.1,2.9,3.2,3.5,3.1,1.3,8.5,6.6,8.2,3.2,3.2
Tillie Young,Female,55,4.7,8.0,3.7,2.0,8.9,5.3,4.2,4.8,3.5,6.2,5.3,3.2,3.8,4.9
Alta Aguilar,Male,24,5.0,4.7,4.0,5.9,2.2,1.1,3.6,7.3,7.2,8.6,7.3,5.9,6.5,4.7
Micheal Daniels,Female,27,6.1,7.4,6.8,6.1,7.1,5.1,6.7,7.4,9.9,5.5,7.7,6.7,7.4,3.3
Stanley Harrington,Male,55,3.8,8.4,3.8,2.2,5.9,3.9,8.2,6.3,5.2,3.6,3.4,5.2,6.0,6.3
Margaret Peterson,Female,55,7.2,9.7,8.8,5.1,8.7,1.0,5.7,5.7,1.2,1.0,6.4,8.0,5.2,2.2
Willie Coleman,Male,35,5.1,6.8,2.0,7.2,4.5,4.9,3.1,8.2,8.7,5.0,6.9,7.9,8.8,9.5
Harvey Weaver,Female,30,9.8,5.9,6.9,8.7,5.0,4.7,2.9,7.0,4.1,3.8,5.7,2.3,6.4,8.0
Aiden Larson,Female,40,5.3,7.4,5.5,7.3,3.7,9.9,4.8,9.3,3.8,6.7,5.1,1.6,2.2,7.9
Eugenia Bowman,Female,17,9.9,2.3,9.2,2.1,3.5,9.0,5.3,6.6,3.0,3.4,9.6,2.4,3.3,3.6
Lillie Page,Male,65,7.3,9.9,4.2,3.7,3.2,1.2,5.0,6.8,8.1,1.8,7.7,9.5,6.0,9.7
Harry McCoy,Male,35,8.1,1.9,8.5,3.1,9.7,5.8,9.1,4.6,7.8,8.5,6.3,2.8,3.0,2.2
Dominic Gomez,Female,25,8.7,9.8,3.1,4.2,4.4,2.5,2.9,7.5,2.8,9.5,2.5,3.8,2.0,8.8
Emilie Leonard,Male,23,4.1,3.0,6.6,7.8,5.0,1.5,3.8,1.0,6.7,9.8,3.4,4.0,1.9,9.3
Earl Beck,Female,59,1.2,5.4,1.6,4.9,7.1,7.6,6.4,9.1,1.2,1.2,3.2,5.9,7.4,3.2
Isabel Ford,Female,21,6.3,3.0,8.3,7.2,2.6,6.6,5.0,6.4,9.4,7.5,5.0,6.0,4.1,7.2
Hattie Norton,Male,41,8.4,4.6,4.3,7.0,3.7,1.1,8.6,1.5,5.1,3.6,4.1,7.9,8.2,1.9
Nathan Ramos,Male,16,7.2,9.8,3.2,8.4,3.8,8.6,8.7,6.8,7.2,8.3,3.1,7.7,4.4,1.9
Edgar White,Male,28,2.5,3.7,4.5,6.7,7.1,8.1,4.6,8.1,3.7,3.6,5.9,4.0,7.8,7.7
Luke Moreno,Female,42,6.7,4.4,9.9,6.2,8.1,8.6,6.0,5.5,5.5,8.5,6.2,7.5,5.1,5.0
Susie Powers,Female,28,7.5,5.3,6.9,1.6,6.1,9.9,8.6,1.9,7.3,2.2,9.3,1.6,3.5,4.4
Dustin James,Male,34,2.3,2.0,1.4,8.0,8.6,6.7,8.4,3.3,8.5,9.3,6.1,6.2,5.4,4.6
Anthony Riley,Male,20,7.9,6.8,7.9,8.2,2.8,1.4,2.8,6.6,5.2,5.3,3.1,1.3,9.3,1.2
Frederick Rios,Female,36,4.9,8.9,8.9,6.0,7.5,4.8,6.1,1.1,3.0,5.6,9.7,6.4,6.5,5.7
Alice Welch,Male,27,8.3,7.0,8.4,5.3,6.4,9.6,9.9,1.3,2.2,9.3,7.7,2.5,4.2,1.4
Marie Graves,Female,27,1.4,2.4,7.0,2.7,1.4,2.0,8.7,8.6,9.0,2.3,8.9,1.4,9.0,4.6
Eleanor McKinney,Female,33,5.2,5.1,7.8,1.3,1.2,1.6,1.5,1.2,2.4,9.2,6.5,6.1,4.2,3.0
Belle Chandler,Male,25,9.8,9.9,5.9,4.3,3.7,2.0,6.6,3.9,8.7,6.7,8.6,2.9,8.8,5.0
Bradley Blake,Female,30,1.2,2.7,7.9,7.5,7.7,1.2,5.4,3.3,2.4,8.5,9.5,5.4,7.6,1.0
Alexander Baker,Male,38,8.7,3.7,5.6,9.5,8.7,1.1,5.5,1.5,6.9,5.7,8.5,2.9,8.0,8.5
Evan Meyer,Male,42,5.9,7.1,9.9,1.2,4.6,8.6,8.0,6.4,1.7,2.3,9.1,4.1,8.5,2.6
Richard Bryan,Female,26,5.3,8.4,9.3,8.9,6.5,2.3,3.0,3.5,3.4,2.5,5.9,8.5,1.7,5.7
Micheal Tyler,Female,39,8.3,4.2,3.4,8.1,5.8,3.2,7.2,1.3,7.4,5.0,4.6,7.5,4.8,6.1
Kenneth Thomas,Female,22,1.2,10.0,9.2,6.1,3.0,1.4,3.9,2.8,6.5,6.1,4.4,3.5,5.7,1.3
